-0.099980402,0.997872541,0.002391361
-0.099875695,0.999182456,0.00262957
-0.099799403,0.998267179,0.002577179
-0.099750879,1.001876311,0.002697107
-0.099607844,1.000839089,0.00234606
-0.099535211,1.001220562,0.002600523
-0.099498454,1.005423771,0.00310255
-0.099404095,1.003478034,0.002724546
-0.099267705,1.001145913,0.002622236
-0.099199991,1.002237248,0.002319062
-0.099041641,1.001769811,0.002681679
-0.098940712,1.002550889,0.002291257
-0.098895467,1.002524735,0.003023621
-0.098854332,0.996920665,0.002673044
-0.098763305,1.001980871,0.003032453
-0.098716379,0.999625227,0.002301551
-0.098692526,0.999877076,0.002299855
-0.098619414,1.00137782,0.002763691
-0.098591547,0.997992984,0.002390326
-0.098486841,0.999658911,0.00264277
-0.098410498,1.004391489,0.002579212
-0.098361994,0.996637745,0.002698623
-0.098218979,1.002453016,0.002345971
-0.098146326,1.001228974,0.002593779
-0.098109548,0.998375356,0.003102631
-0.09801524,1.001241727,0.002732543
-0.09787883,0.99491701,0.002623948
-0.097811115,1.008460528,0.002323978
-0.097652777,0.998233094,0.002675517
-0.097551825,1.002828126,0.002291578
-0.09750657,1.001980177,0.003034231
-0.097465468,0.997268269,0.002666555
-0.097374387,0.995660043,0.003029618
-0.097327494,1.001718832,0.002300092
-0.097303616,1.005455387,0.002303876
-0.097230539,0.995785839,0.002760323
-0.097202692,0.998251984,0.002393845
-0.097097986,0.99962765,0.002623353
-0.097021592,1.0013114,0.002576186
-0.096973108,0.996532818,0.002702953
-0.096830114,0.997342328,0.002341115
-0.096757441,1.001411686,0.002591818
-0.096720642,0.998408948,0.003105566
-0.096626385,1.001478712,0.002727926
-0.096489955,0.998813796,0.002623039
-0.09642224,0.997715712,0.002316634
-0.096263912,0.993624139,0.002670596
-0.096162937,1.00137883,0.002292325
-0.096117673,0.996793468,0.00302268
-0.096076603,1.000796128,0.002670383
-0.095985469,0.998677538,0.003029951
-0.09593861,1.00522001,0.002303529
-0.095914707,1.006574093,0.002303877
-0.095841665,1.007024177,0.002772722
-0.095813838,0.99924981,0.002388981
-0.095709132,1.000523497,0.002629421
-0.095632686,1.001911631,0.00257594
-0.095584222,0.997481259,0.002698517
-0.095441248,1.002264452,0.002343629
-0.095368555,1.000080679,0.002598187
-0.095331736,0.998755461,0.003102136
-0.09523753,0.999107775,0.002731184
-0.09510108,0.999527597,0.002627225
-0.095033364,1.003388515,0.002319915
-0.094875048,1.001353034,0.002677566
-0.094774049,1.003884267,0.002291913
-0.094728776,0.999056858,0.003033559
-0.094687738,0.9968192,0.002664032
-0.094596551,1.001357864,0.003032487
-0.094549726,0.993748677,0.002295764
-0.094525798,0.999846151,0.002302068
-0.09445279,0.995096631,0.002765977
-0.094424983,1.005607581,0.00239884
-0.094320277,0.995840782,0.002624976
-0.094243781,0.999437257,0.002572289
-0.094195337,0.997706669,0.002699307
-0.094052383,0.992738611,0.00233958
-0.09397967,0.998480457,0.002591024
-0.09394283,1.003210782,0.003104176
-0.093848674,0.995583756,0.002730896
-0.093712205,0.998297239,0.002617406
-0.093644489,0.997250176,0.002317807
-0.093486183,1.00071216,0.002680183
-0.093385161,1.002379901,0.002292802
-0.093339879,0.999302026,0.003030132
-0.093298873,1.001540867,0.002673275
-0.093207633,1.002478586,0.003034036
-0.093160841,0.995189388,0.002299929
-0.093136888,0.999145009,0.00230079
-0.093063916,0.999887446,0.002764462
-0.093036128,1.002662495,0.002391269
-0.092931422,0.997617327,0.002627011
-0.092854875,0.995605654,0.002569302
-0.092806451,0.999519711,0.002700079
-0.092663517,0.998437601,0.002341273
-0.092590785,1.002867187,0.002597942
-0.092553924,0.999586475,0.00311228
-0.092459819,0.99676705,0.002727251
-0.09232333,0.998882271,0.002627202
-0.092255614,0.996436258,0.002318078
-0.092097318,1.001510963,0.002679846
-0.091996273,0.998663497,0.002289372
-0.091950983,1.000763512,0.00302696
-0.091910008,0.999799296,0.002670329
-0.091818715,0.997099701,0.003036794
-0.091771957,1.009238737,0.002306962
-0.091747979,1.001344434,0.00230101
-0.091675041,0.999624063,0.002767104
-0.091647273,1.000762701,0.002394355
-0.091542568,0.996662879,0.002628177
-0.091465969,1.001013702,0.002574395
-0.091417566,0.998228404,0.002702897
-0.091274652,1.006477976,0.00234932
-0.0912019,0.991971301,0.002589505
-0.091165018,1.000177113,0.003100323
-0.091070964,0.999583347,0.002737896
-0.090934455,1.000257393,0.002623257
-0.090866738,1.005628214,0.002318814
-0.090708453,1.002463821,0.002675752
-0.090607385,1.00071026,0.002290298
-0.090562086,0.99978557,0.003033773
-0.090521143,1.00111145,0.002669306
-0.090429797,0.999883089,0.00304506
-0.090383073,0.998979485,0.002300845
-0.090359069,0.997230697,0.002299051
-0.090286166,1.000870031,0.002771082
-0.090258419,1.002760612,0.002393928
-0.090153713,0.998455884,0.00263131
-0.090077063,1.002450427,0.002576245
-0.09002868,1.004696677,0.002705981
-0.089885787,0.994478206,0.002338424
-0.089813015,1.000011877,0.002591927
-0.089776112,1.006545555,0.003105453
-0.089682109,0.997686074,0.002733882
-0.08954558,0.998759859,0.002630865
-0.089477863,1.004723009,0.002319416
-0.089319589,1.001210444,0.002675959
-0.089218497,1.000458426,0.00229151
-0.089173189,0.998762736,0.003029974
-0.089132278,1.003054142,0.002669466
-0.08904088,1.00345718,0.003029461
-0.088994188,0.995775411,0.002297252
-0.08897016,0.996021198,0.002298346
-0.088897292,1.001415573,0.002764476
-0.088869564,0.999340091,0.002395251
-0.088764859,1.003688722,0.002634348
-0.088688158,0.997883585,0.002568226
-0.088639794,1.000381358,0.002705451
-0.088496921,1.005077077,0.002345756
-0.08842413,0.994763769,0.002591208
-0.088387206,1.006027418,0.003104149
-0.088293254,1.004350699,0.002731025
-0.088156705,0.996837041,0.002618218
-0.088088987,0.997257789,0.002314455
-0.087930724,1.003205951,0.002677747
-0.08782961,0.996324644,0.002289151
-0.087784292,0.998642036,0.00302793
-0.087743414,0.999072826,0.002672246
-0.087651962,0.999849956,0.003035382
-0.087605304,0.997715604,0.002298768
-0.08758125,1.004106808,0.002302636
-0.087508417,0.998145613,0.002763892
-0.087480709,0.998773149,0.002395533
-0.087376005,1.003693544,0.002639865
-0.087299252,0.999464172,0.002570784
-0.087250909,1.001504972,0.002706605
-0.087108056,1.001584856,0.002343966
-0.087035245,1.009484599,0.002597069
-0.0869983,0.994924116,0.003101718
-0.086904399,0.998514084,0.002734214
-0.08676783,1.002716158,0.002631915
-0.086700112,1.003021403,0.002317097
-0.086541859,0.996655391,0.002674689
-0.086440722,0.99898696,0.00228918
-0.086395396,0.998897098,0.003027785
-0.086354549,0.997593849,0.002665174
-0.086263044,1.002037576,0.003030204
-0.08621642,1.001650527,0.002301184
-0.086192341,1.000201794,0.00229919
-0.086119543,1.004567463,0.002770523
-0.086091855,1.00281811,0.00239798
-0.08598715,0.998530495,0.002629716
-0.085910346,1.000663191,0.002572119
-0.085862023,1.005330325,0.002702283
-0.085719191,0.995874417,0.002341087
-0.08564636,1.003257297,0.002598182
-0.085609394,1.000086367,0.003096997
-0.085515543,1.002826179,0.00272728
-0.085378955,0.998971793,0.002622869
-0.085311236,0.997025711,0.002314931
-0.085152995,0.99638771,0.002677414
-0.085051834,0.999498294,0.002290725
-0.085006499,0.998606051,0.003038493
-0.084965684,0.995533662,0.002673134
-0.084874126,0.999934571,0.003028306
-0.084827535,1.002220489,0.00230335
-0.084803432,0.996853531,0.00229816
-0.084730668,0.996492761,0.002761979
-0.084703,0.998751848,0.002394032
-0.084598295,0.999704754,0.002630277
-0.08452144,0.993847725,0.002564129
-0.084473138,0.998320754,0.00269804
-0.084330325,1.005954032,0.002346612
-0.084257475,0.999878519,0.002588392
-0.084220488,1.004094793,0.00310815
-0.084126688,0.996419876,0.002731167
-0.08399008,1.000375642,0.002621529
-0.083922361,1.000852571,0.002317702
-0.08376413,0.997537218,0.00267507
-0.083662946,1.002590445,0.00229331
-0.083617602,1.0050438,0.003032395
-0.083576819,1.007602408,0.002674834
-0.083485208,1.001244582,0.003033883
-0.083438651,1.001156434,0.002299494
-0.083414522,0.999835167,0.002299796
-0.083341793,0.999381664,0.002768105
-0.083314145,1.003623573,0.002401266
-0.083209441,0.997988454,0.002633832
-0.083132535,1.000098336,0.002571822
-0.083084252,0.996078252,0.002699123
-0.08294146,1.00422891,0.002344719
-0.08286859,1.001320188,0.002595862
-0.082831582,0.993051454,0.003099203
-0.082737833,1.00297612,0.002729248
-0.082601205,1.005498423,0.002632459
-0.082533486,0.998117806,0.0023151
-0.082375265,0.998154851,0.002670439
-0.082274058,1.000931616,0.002290835
-0.082228705,1.00213354,0.003026232
-0.082187954,0.985013848,0.002663413
-0.08209629,0.999915979,0.003037656
-0.082049766,0.995161955,0.002299803
-0.082025613,0.998508271,0.002299406
-0.081952919,0.993893832,0.002762008
-0.08192529,1.007363973,0.002400567
-0.081820586,1.00288488,0.00262916
-0.081743629,0.997769112,0.00257052
-0.081695367,1.001294464,0.002698672
-0.081552595,0.995664858,0.002339405
-0.081479705,1.004128559,0.002600213
-0.081442676,1.000308579,0.003099675
-0.081348978,1.005420682,0.002733489
-0.08121233,1.00425009,0.002624947
-0.08114461,1.000746179,0.002317609
-0.080986401,1.002301604,0.002679787
-0.08088517,0.998051231,0.002289464
-0.080839809,0.998667223,0.003029689
-0.08079909,0.998213217,0.002675521
-0.080707372,1.001320393,0.003036425
-0.080660882,1.001516503,0.002300576
-0.080636703,1.002556465,0.0023018
-0.080564044,0.998359784,0.002771698
-0.080536435,0.999897517,0.002398012
-0.080431732,1.003928733,0.002628205
-0.080354723,1.001406419,0.002573623
-0.080306481,0.999804502,0.002698338
-0.080163729,0.995855862,0.002340338
-0.08009082,1.00083929,0.002592754
-0.08005377,0.998424206,0.00309871
-0.079960122,0.996872662,0.002727309
-0.079823455,0.999121078,0.002625169
-0.079755735,0.997569053,0.002315329
-0.079597536,0.998218534,0.002677485
-0.079496282,1.002907113,0.002292819
-0.079450912,1.001788848,0.003035568
-0.079410225,0.999350944,0.002669842
-0.079318454,0.998219504,0.003023446
-0.079271998,1.000542655,0.002302851
-0.079247794,1.000714323,0.00229939
-0.07917517,0.998386614,0.002767344
-0.07914758,0.994497502,0.002392484
-0.079042878,0.99971975,0.002629966
-0.078965817,0.997396146,0.002569507
-0.078774864,0.998619732,0.002344977
-0.078701935,0.993297162,0.002588291
-0.078664864,0.998744415,0.003099706
-0.078571267,0.999581162,0.002734092
-0.07843458,0.999850538,0.002623334
-0.078366859,1.003507887,0.002316044
-0.078208671,0.999191962,0.002676187
-0.078107394,1.000048616,0.002291451
-0.078062015,1.00106343,0.003037697
-0.07802136,0.998425993,0.002668335
-0.077929536,1.000765023,0.003030036
-0.077883113,0.989719827,0.002296271
-0.077858885,0.997275977,0.002298715
-0.077786295,1.00451572,0.002770774
-0.077758726,1.002630444,0.002404048
-0.077654023,0.999204926,0.002628921
-0.077576912,0.998885292,0.002570992
-0.07752871,1.001564844,0.002698909
-0.077385998,1.000339462,0.002343043
-0.07731305,1.003578205,0.002596506
-0.077275958,1.000400258,0.003103619
-0.077182412,1.003964333,0.002728498
-0.077045705,1.000175422,0.002623978
-0.076977984,1.001007573,0.002312346
-0.076819807,0.999547977,0.002669695
-0.076718507,0.998458963,0.002289899
-0.076673118,1.001036607,0.003028895
-0.076632495,0.998664921,0.002671054
-0.076540618,1.000112746,0.003029551
-0.076494229,0.998860538,0.002299947
-0.076469975,0.994802684,0.002297021
-0.07639742,1.000532408,0.002766297
-0.076369871,0.996224299,0.002397863
-0.076265168,1.003762252,0.002638166
-0.076188006,1.001739282,0.002570183
-0.076139824,0.999111908,0.002700143
-0.075997133,1.00070036,0.002344374
-0.075924165,0.997461666,0.002593943
-0.075887052,0.99609445,0.003099782
-0.075793557,1.001406939,0.002731969
-0.07565683,0.997757598,0.002615644
-0.075589108,0.999020324,0.002313582
-0.075430942,1.004339283,0.002685271
-0.075329619,0.99522733,0.002290134
-0.075284222,0.998485507,0.00302404
-0.07524363,1.003927056,0.002668329
-0.0751517,1.000407365,0.003051061
-0.075105345,1.004599139,0.002302068
-0.075081066,1.002510003,0.002300805
-0.075008546,1.000814281,0.002767469
-0.074981016,1.001277945,0.002400598
-0.074876314,1.00551122,0.002635298
-0.0747991,1.003100206,0.002575929
-0.074750938,1.000691361,0.002699916
-0.074720416,1.005769,0.002660872
-0.074608268,0.997769325,0.002340866
-0.07453528,1.00232691,0.002595
-0.074498146,0.994721769,0.003098861
-0.074404701,0.996253362,0.002728043
-0.074267955,0.99868236,0.002624245
-0.074200233,1.002367333,0.002315324
-0.074042077,0.996955595,0.002671533
-0.073940731,0.999905048,0.002292243
-0.073895325,1.001959768,0.003030774
-0.073854766,1.000475868,0.002666353
-0.073762782,1.000764308,0.003033412
-0.07371646,1.007512151,0.002303741
-0.073692156,1.001394608,0.002299715
-0.073619671,1.002284326,0.002768839
-0.073592161,1.003573328,0.002404602
-0.07348746,0.995767672,0.002630649
-0.073410194,1.001270474,0.002571443
-0.073362053,0.998861396,0.002702523
-0.073331571,1.010862897,0.002664595
-0.073219402,0.999462196,0.002345786
-0.073146395,1.003378951,0.002597531
-0.07310924,0.989203822,0.003094837
-0.073015846,1.001494358,0.002729547
-0.07287908,0.998941005,0.002627081
-0.072811357,0.999302558,0.002310984
-0.072653212,0.998115453,0.002677374
-0.072551843,1.001623708,0.002291092
-0.072506428,1.003223397,0.003027565
-0.072465901,0.997124368,0.0026665
-0.072373864,0.99954555,0.003039791
-0.072327576,1.001556888,0.00229989
-0.072303247,0.999656905,0.002300098
-0.072230796,1.000815526,0.002769178
-0.072203307,0.998527336,0.002400189
-0.072098605,1.001445528,0.002630783
-0.072021289,1.000870212,0.002575963
-0.071973167,1.002484288,0.002694103
-0.071942726,1.010107646,0.002661672
-0.071830537,1.001085203,0.002344408
-0.07175751,1.002589722,0.002597835
-0.071720333,1.003227466,0.003096931
-0.071626991,0.998293678,0.002729513
-0.071490205,1.001920272,0.002623278
-0.071422482,1.007164029,0.002317697
-0.071264348,0.999834121,0.002673847
-0.071162955,1.002010011,0.002291729
-0.071117531,0.994313723,0.003027076
-0.071077036,0.995193828,0.002666821
-0.070984947,0.997573215,0.003030829
-0.070938692,1.00397256,0.002301816
-0.070914337,1.006026735,0.002302655
-0.070841922,1.000936903,0.002768856
-0.070814452,0.99616163,0.002398075
-0.070709751,0.999351472,0.002632839
-0.070632383,1.000050976,0.002574307
-0.070584282,1.003950034,0.002699363
-0.07055388,1.004561505,0.002661677
-0.070441671,0.999906636,0.002342356
-0.070368625,1.003971472,0.002595173
-0.070331427,1.002048276,0.003115485
-0.070238136,0.994057398,0.002727673
-0.07010133,0.996687694,0.002624245
-0.070033606,1.002155522,0.002313811
-0.069875483,0.999539508,0.002674444
-0.069774067,0.999140548,0.002291213
-0.069728634,0.998366509,0.003026719
-0.069688171,0.99844373,0.002670826
-0.069596029,0.998712705,0.003035339
-0.069549807,1.005317104,0.002301424
-0.069525428,0.992243466,0.002294388
-0.069453047,1.003904043,0.002774363
-0.069425597,1.002622896,0.002405602
-0.069320896,1.003778787,0.002646039
-0.069243477,0.996771597,0.002565363
-0.069195396,1.000139419,0.00269804
-0.069165035,1.01088257,0.002665096
-0.069052806,1.000886587,0.00234462
-0.06897974,1.001266721,0.002599205
-0.068942521,0.998752908,0.003096808
-0.068849281,0.998827064,0.002730606
-0.068712455,0.999501015,0.002623084
-0.068644731,0.998921062,0.002310543
-0.068486618,0.999260246,0.002676789
-0.06838518,0.996717466,0.002292454
-0.068339738,1.001733156,0.003024217
-0.068299306,1.001716932,0.002667583
-0.068207111,0.997709918,0.003028221
-0.068160923,0.998727037,0.002301388
-0.068136519,1.001982802,0.002302053
-0.068064173,1.005111057,0.002768186
-0.068036742,1.001812801,0.002404387
-0.067932042,1.005501404,0.002630644
-0.067854571,0.998400157,0.002567912
-0.06780651,0.998369797,0.002695062
-0.067776189,1.008789376,0.0026676
-0.067663941,0.998131415,0.002339601
-0.067590855,1.004264684,0.002599838
-0.067553615,0.998181027,0.003105512
-0.067460425,1.003458742,0.002726777
-0.06732358,1.00256506,0.002622093
-0.067255855,1.003113635,0.002314039
-0.067097754,0.992096233,0.002672052
-0.066996292,0.999312015,0.00229105
-0.066950841,1.002857733,0.003024977
-0.066910441,0.998338149,0.002674368
-0.066818193,1.000151088,0.003036047
-0.066772039,0.998614562,0.002301184
-0.066747609,1.001598881,0.002300874
-0.066675298,1.004042844,0.002770775
-0.066647887,0.993539785,0.002397796
-0.066543187,1.000607938,0.002631475
-0.066465665,1.000310162,0.002568545
-0.066417625,1.001952092,0.002695549
-0.066387343,1.009331009,0.00266145
-0.066275075,0.99740411,0.002341958
-0.066201969,1.004831533,0.00260328
-0.066164709,1.005431149,0.003101458
-0.06607157,0.999938081,0.002731932
-0.065934705,1.005886637,0.002627103
-0.06586698,1.000005933,0.002312471
-0.065708889,0.996535806,0.002669437
-0.065607404,0.994182628,0.002288239
-0.065561944,0.998481876,0.003026855
-0.065521577,0.99262713,0.002666801
-0.065429275,0.999501432,0.003030352
-0.065383154,1.000178794,0.002298639
-0.0653587,0.998252231,0.002298738
-0.065286423,1.004437682,0.002769999
-0.065259032,1.001337372,0.002405745
-0.065154333,0.997430357,0.002625729
-0.06507676,0.996696956,0.002566452
-0.065028739,0.999113643,0.002697198
-0.064998498,1.006173045,0.002662372
-0.06488621,0.995812726,0.002340057
-0.064813084,1.007101435,0.002596009
-0.064775803,1.002993005,0.003103911
-0.064682715,1.006737932,0.002729524
-0.06454583,0.99865934,0.002624545
-0.064478105,1.004337397,0.002314097
-0.064320024,1.001452217,0.002677267
-0.064218516,1.002131721,0.002292294
-0.064173048,1.00181273,0.003027217
-0.064132712,1.001206253,0.002668421
-0.064040357,0.998643573,0.003036107
-0.06399427,1.000403843,0.002301819
-0.06396979,0.998797441,0.002299544
-0.063897549,1.00130186,0.00277278
-0.063870178,1.001307749,0.002404025
-0.063765478,1.000508254,0.002633917
-0.063687854,1.004713509,0.0025691
-0.063639854,1.001911969,0.002702408
-0.063609653,1.009952528,0.002663901
-0.063497344,1.005576462,0.002345138
-0.063424199,1.001408546,0.002595882
-0.063386897,0.999023691,0.003105316
-0.06329386,1.007992157,0.002734097
-0.063156955,0.999447962,0.002622718
-0.063089229,0.994545355,0.002304179
-0.062931159,0.994965014,0.002669964
-0.062829628,0.998707259,0.002289373
-0.062784151,0.99780135,0.003037338
-0.062743847,0.991132516,0.002666846
-0.062651439,1.000612771,0.003032743
-0.062605386,1.002339056,0.002304181
-0.062580881,0.999422964,0.002299756
-0.062508674,0.999249354,0.002764963
-0.062481323,0.996975007,0.002402236
-0.062376624,0.996933089,0.002637506
-0.062298948,1.001837644,0.002571521
-0.062250968,1.000911592,0.002694948
-0.062220807,1.008021208,0.002660994
-0.062108479,0.996806672,0.002343908
-0.062035314,0.997693971,0.002595768
-0.061997991,0.999432778,0.003099303
-0.061905004,0.996910856,0.002729794
-0.06176808,0.997866141,0.002620957
-0.061700354,1.003407954,0.002316213
-0.061542295,1.000482617,0.002675061
-0.06144074,0.999855317,0.00229125
-0.061395254,1.001965221,0.003028841
-0.061354982,1.000715888,0.002668597
-0.061262521,1.001585144,0.003035714
-0.061216501,0.998001503,0.002299093
-0.061191972,0.999095531,0.002299519
-0.0611198,0.995581732,0.002768761
-0.061092468,1.006907665,0.002408196
-0.060987769,0.995930239,0.002627776
-0.060910042,1.000093423,0.00256591
-0.060862082,0.998181003,0.00269282
-0.060831962,1.007299034,0.002659225
-0.060719614,1.00210995,0.00234367
-0.060646429,1.00490414,0.002598911
-0.060609085,1.000710416,0.003105086
-0.060516149,0.997600896,0.002728988
-0.060379205,1.002417102,0.002618579
-0.060311478,1.000343306,0.002309084
-0.06015343,0.997236774,0.002675023
-0.060051852,0.997575781,0.002288641
-0.060006358,0.999711965,0.003026182
-0.059966118,0.996028143,0.002665364
-0.059873603,0.997716061,0.003030273
-0.059827617,0.997615311,0.002299836
-0.059803062,0.999412487,0.00229926
-0.059730925,1.000619672,0.002770031
-0.059703613,1.002967248,0.002405579
-0.059598915,1.00044978,0.002633787
-0.059521137,0.998982067,0.002569088
-0.059473197,0.997127109,0.002698931
-0.059443116,1.005641678,0.002663245
-0.059330748,1.004897468,0.002347052
-0.059257544,1.002784465,0.002596646
-0.059220179,0.997916079,0.003091071
-0.059127294,1.005814421,0.00273273
-0.05899033,0.998889777,0.002617766
-0.058922603,1.004982143,0.002314103
-0.058764565,0.995569758,0.002670995
-0.058662965,0.993390242,0.002286566
-0.058617461,1.005456177,0.003027572
-0.058577253,0.998782752,0.002669478
-0.058484686,0.997787449,0.003030846
-0.058438733,0.99890064,0.002298329
-0.058414153,0.999444203,0.002300071
-0.05834205,1.003886934,0.002767911
-0.058314758,1.003234208,0.002407397
-0.05821006,0.999120208,0.002633004
-0.058132231,0.997193808,0.002566022
-0.058084311,0.999597691,0.002694345
-0.058054271,1.005785217,0.002658518
-0.057941883,0.996780563,0.002342122
-0.057868659,1.006519803,0.002599059
-0.057831273,1.00138216,0.003100156
-0.057738439,1.001060845,0.002728325
-0.057601455,0.99746937,0.002620528
-0.057533727,0.995730487,0.002307942
-0.057375701,1.002296402,0.002677446
-0.057274077,1.000221616,0.002290993
-0.057228564,1.001397414,0.003031358
-0.057188388,0.997581644,0.002664761
-0.057095767,0.995795688,0.003038879
-0.057049848,0.99913541,0.002298634
-0.057025244,0.99352678,0.002297197
-0.056953176,0.999451531,0.002763156
-0.056925903,0.994311597,0.002401639
-0.056821206,0.997758508,0.002631579
-0.056743325,1.002399377,0.002566705
-0.056695426,1.004723337,0.002696668
-0.056665425,1.008421012,0.002664108
-0.056553017,1.007937849,0.002345114
-0.056479774,1.002718844,0.002595828
-0.056442367,1.003971143,0.003102235
-0.056349583,0.995585925,0.002732347
-0.056212581,0.998425666,0.002622889
-0.056144852,1.000652227,0.002310748
-0.055986836,0.997229359,0.002668922
-0.055885189,0.999930818,0.002290657
-0.055839667,1.002209717,0.003040138
-0.055799523,0.997877133,0.002672041
-0.05570685,0.997030196,0.00302918
-0.055660964,1.000829766,0.002300284
-0.055636334,0.998702168,0.002298714
-0.055564301,1.000283627,0.00276905
-0.055537048,1.002994533,0.002408681
-0.055432352,0.997252661,0.002629819
-0.055354419,0.999345492,0.002564762
-0.05530654,0.997333532,0.0026924
-0.055276579,1.00598074,0.00265889
-0.055164152,1.002195891,0.002343344
-0.055090889,1.001166242,0.002600478
-0.055053461,0.994334646,0.003096379
-0.054960728,1.002036206,0.002727619
-0.054823705,0.997214734,0.002618813
-0.054755976,1.000841389,0.002313041
-0.054597971,0.99824129,0.002676885
-0.054496301,0.996278987,0.002289107
-0.054450771,1.001391312,0.003039756
-0.054410658,0.999821526,0.002664693
-0.054317932,0.999082789,0.003034384
-0.05427208,0.999404164,0.002298753
-0.054247425,1.002662876,0.002302462
-0.054175427,0.997994779,0.002770447
-0.054148194,0.996833065,0.002403324
-0.054043497,1.005623168,0.002635103
-0.053965513,1.002696139,0.002573811
-0.053917655,0.998897399,0.002694775
-0.053887734,1.001001761,0.002657095
-0.053775287,1.002047325,0.002343521
-0.053702004,1.000240994,0.002595754
-0.053664555,1.0033781,0.003109814
-0.053571873,1.002501425,0.002733563
-0.05343483,0.999060571,0.002618823
-0.053367101,0.997372404,0.002307323
-0.053209106,0.99463358,0.002677895
-0.053107413,0.999806366,0.002291303
-0.053061874,1.003006814,0.003026923
-0.053021793,0.999889784,0.002673912
-0.052929014,1.002873865,0.003036828
-0.052883195,1.00307054,0.00230091
-0.052858515,0.997476473,0.002298741
-0.052786552,0.999964599,0.002765331
-0.052759339,1.003084981,0.002411229
-0.052654643,0.993554754,0.002633153
-0.052576608,1.000158252,0.002565754
-0.052528769,1.001221361,0.002707482
-0.052498888,1.003343918,0.002660641
-0.052386421,0.997955684,0.002343788
-0.052313119,1.000005228,0.002597947
-0.052275649,1.000604902,0.00309158
-0.052183018,0.999111349,0.002732123
-0.052045955,1.000027928,0.00264589
-0.051978225,0.997196092,0.002308306
-0.051820242,1.000328863,0.002673878
-0.051718526,0.994952971,0.002289976
-0.051672977,1.006099424,0.003030834
-0.051632929,1.000390585,0.002666597
-0.051540096,0.998674484,0.003033153
-0.051494311,1.004056932,0.00230381
-0.051469606,1.001571943,0.002302348
-0.051397677,1.005036692,0.002767375
-0.051370484,1.003777594,0.002409334
-0.051265788,1.00266517,0.002629796
-0.051187702,1.001208976,0.002569777
-0.051139883,0.997031143,0.00269528
-0.051110043,1.006545259,0.002661087
-0.050997556,0.995748765,0.002342261
-0.050924234,1.001652908,0.002599641
-0.050886743,0.999745227,0.003099572
-0.050794162,1.000865637,0.002729462
-0.050657081,1.000290568,0.002624841
-0.05058935,0.995339335,0.002303889
-0.050431377,0.996976662,0.002674962
-0.050329638,0.999762929,0.0022911
-0.05028408,1.006072783,0.003025922
-0.050244064,0.997671952,0.002665046
-0.050151178,1.000443237,0.003042648
-0.050105426,0.999625503,0.002300721
-0.050080697,0.999763305,0.002299466
-0.050008803,1.002755715,0.00276684
-0.049981629,1.006905113,0.00241048
-0.049876934,1.00091311,0.00262737
-0.049798796,1.001847554,0.002577606
-0.049750998,1.004425604,0.002693516
-0.049721197,1.005988816,0.002662517
-0.049608691,0.995312914,0.002339569
-0.049535349,0.998899201,0.002597112
-0.049497837,0.994999401,0.003096102
-0.049405307,1.004217593,0.002735276
-0.049268206,1.0016455,0.002625239
-0.049200474,1.000995895,0.0023101
-0.049042512,1.001226901,0.002675524
-0.04894075,1.002182199,0.002291098
-0.048895184,1.004691595,0.003027085
-0.048855199,0.999027477,0.002665143
-0.04876226,0.998470868,0.003029567
-0.048716542,1.002667581,0.002301394
-0.048691787,1.004422489,0.002302128
-0.048619928,0.997746931,0.002768222
-0.048592774,1.002582811,0.002409719
-0.048488079,1.000335191,0.002626908
-0.04840989,0.999040642,0.002563636
-0.048362112,0.998627507,0.002691716
-0.048332352,1.006039955,0.002657385
-0.048219825,0.999853227,0.002343319
-0.048146464,0.99726156,0.002595255
-0.048108931,0.99915539,0.003096534
-0.048016452,1.000450082,0.002728061
-0.047879331,1.005046899,0.002624996
-0.047811599,1.002158684,0.002308083
-0.047653647,0.993310646,0.002671097
-0.047551862,1.003070268,0.002292712
-0.047506287,0.99963124,0.003026195
-0.047466334,1.00489271,0.002673437
-0.047373342,1.001945076,0.003036913
-0.047327658,0.994953261,0.002296326
-0.047302878,0.994797227,0.002297946
-0.047231053,1.003548431,0.002769063
-0.047203919,1.0018597,0.002410456
-0.047099225,1.004101905,0.002632074
-0.047020985,0.995916709,0.002568511
-0.046973227,1.001099831,0.00270812
-0.046943506,1.004247196,0.002657402
-0.04683096,1.001616877,0.002340871
-0.046757578,0.999625914,0.002599976
-0.046720025,0.999366843,0.003103317
-0.046627597,1.0010538,0.002732002
-0.046490456,1.002224027,0.002626696
-0.046422723,1.002857278,0.002310042
-0.046264783,0.994564846,0.002669133
-0.046162974,0.992223282,0.002286959
-0.04611739,1.001014884,0.003025024
-0.04607747,0.996650273,0.002662522
-0.045984425,1.00061054,0.003032846
-0.045938773,0.997559836,0.002295971
-0.045913969,1.006574887,0.002304115
-0.045842179,0.997368071,0.002768225
-0.045815064,1.004228292,0.002407446
-0.045710371,1.001238392,0.002636774
-0.045632079,0.995956216,0.002566562
-0.045584341,0.999165669,0.002692188
-0.045554661,1.005798913,0.002658297
-0.045442094,1.001719662,0.00234557
-0.045368693,1.005473849,0.002600053
-0.045331119,1.002147955,0.00310004
-0.045238741,1.000261697,0.002736634
-0.045101581,1.001825703,0.002627543
-0.045033848,1.001949776,0.00231171
-0.044875918,0.994426326,0.002667551
-0.044774087,0.999399581,0.002291926
-0.044728494,0.99577154,0.003029995
-0.044688605,0.997812745,0.00266253
-0.044595507,1.003527579,0.003042225
-0.044549889,1.001298198,0.002299248
-0.044525059,0.9954671,0.002298293
-0.044453304,1.004029116,0.002769309
-0.04442621,1.003503747,0.002414004
-0.044321516,0.999613073,0.002626465
-0.044243173,0.999753758,0.002566014
-0.044195455,1.000170629,0.002698869
-0.044165815,1.002163074,0.002658835
-0.044053229,1.003113275,0.002343514
-0.043979808,1.005081322,0.002598157
-0.043942213,1.001740447,0.003097717
-0.043849886,1.001174476,0.002729013
-0.043712706,0.994283464,0.002626817
-0.043644972,0.99649567,0.002303492
-0.043487053,0.996998678,0.002670677
-0.043385199,1.00115854,0.002291765
-0.043339597,1.006260916,0.003021778
-0.04329974,0.997792905,0.002663749
-0.043206589,0.999760452,0.003033753
-0.043161005,0.995265238,0.002295892
-0.04313615,0.995348804,0.002298665
-0.043064429,0.998052588,0.002765683
-0.043037355,0.999154417,0.002408547
-0.042932662,0.997018058,0.002636991
-0.042854267,0.99775927,0.002568761
-0.04280657,1.001477571,0.002696581
-0.04277697,1.005102235,0.002660802
-0.042664363,1.001961555,0.002342542
-0.042590923,1.002153077,0.002596899
-0.042553307,0.999032363,0.003092888
-0.042461031,1.000427661,0.002730295
-0.042323831,1.004044789,0.002619996
-0.042256097,1.002840783,0.002311185
-0.042098188,0.99562392,0.002674798
-0.041996311,1.001068369,0.002292559
-0.0419507,0.997107229,0.00302211
-0.041910875,0.999021706,0.002666365
-0.041817671,0.996540297,0.003027669
-0.041772121,1.002758972,0.002301078
-0.04174724,1.010842334,0.002307534
-0.041675555,0.998752007,0.002773599
-0.0416485,0.997545808,0.002409709
-0.041543807,0.99825582,0.002629398
-0.041465361,1.002164448,0.002568161
-0.041417684,0.996396068,0.002693273
-0.041388124,1.003091881,0.002660934
-0.041275498,1.000876328,0.002343075
-0.041202038,1.000475445,0.002611052
-0.041164401,1.002694491,0.003107935
-0.041072176,0.998341918,0.00272739
-0.040934956,0.998343709,0.002629158
-0.040867221,0.998228499,0.002305822
-0.040709324,0.997309967,0.002671849
-0.040607423,1.000114248,0.002293108
-0.040561804,1.001495306,0.003031134
-0.04052201,0.996627187,0.002663566
-0.040428753,1.00373299,0.003037045
-0.040383236,0.992994968,0.002298866
-0.040358331,0.994703796,0.002297744
-0.04028668,1.005847608,0.002767263
-0.040259645,0.996496293,0.002409263
-0.040154953,1.003174475,0.002630455
-0.040076456,0.996061978,0.002563619
-0.040028799,0.990673728,0.002689807
-0.039999278,1.001259601,0.00265629
-0.039886633,0.9996588,0.002341242
-0.039813153,0.999537556,0.002595403
-0.039775495,1.002952159,0.003101857
-0.03968332,1.000095887,0.002730923
-0.039546081,1.000374623,0.002621518
-0.039478346,1.003419098,0.002310297
-0.039320459,0.995827537,0.002672302
-0.039218535,0.994211717,0.002288997
-0.039172907,0.993546096,0.003030528
-0.039133146,0.998824159,0.002668306
-0.039039835,0.997099528,0.003035118
-0.038994352,0.995446678,0.002297535
-0.038969422,0.997848543,0.002300638
-0.038897805,0.99828242,0.002768974
-0.03887079,0.99596106,0.002408116
-0.038766098,1.000421549,0.002628929
-0.03868755,0.996956,0.002566519
-0.038639913,0.996339207,0.002701019
-0.038610433,1.005462497,0.002655786
-0.038497767,0.997270067,0.002338536
-0.038424268,1.003602772,0.002598341
-0.038386589,1.000488423,0.003094142
-0.038294465,0.998360076,0.00272685
-0.038157206,1.000572738,0.002624979
-0.03808947,1.001008797,0.002306935
-0.037931594,0.999507853,0.002672789
-0.037829648,0.994894285,0.002287572
-0.03778401,1.001189702,0.003030954
-0.037744281,0.995684184,0.002666697
-0.037650917,0.998978239,0.003033412
-0.037605468,1.007658282,0.002304273
-0.037580512,1.001810631,0.0023029
-0.037508931,1.001345571,0.002771465
-0.037481935,1.002553804,0.002411582
-0.037377244,0.994546301,0.002624058
-0.037298644,0.996840871,0.002565164
-0.037251028,0.996776067,0.002696652
-0.037221587,1.003309293,0.002656783
-0.037108902,1.00140432,0.002341999
-0.037035383,0.998462656,0.002597106
-0.036997683,0.997241111,0.003086847
-0.03690561,1.001827429,0.002730846
-0.036768331,0.99464937,0.002618475
-0.036700594,1.000446128,0.002304928
-0.036542729,0.995866955,0.002671759
-0.03644076,0.99647451,0.002288267
-0.036395114,1.003518564,0.003032013
-0.036355416,0.995097227,0.002667294
-0.036262,0.997567763,0.003036637
-0.036216583,0.998784898,0.002297409
-0.036191603,0.99832016,0.002299839
-0.036120056,0.998018072,0.002765698
-0.03609308,0.996064475,0.002405012
-0.035988389,0.999511181,0.002627502
-0.035909738,0.999198384,0.002567015
-0.035862142,1.000544622,0.00269192
-0.035832742,1.004080612,0.002657081
-0.035720036,0.997646886,0.002338458
-0.035646498,1.002106996,0.002597018
-0.035608777,1.001439973,0.003092877
-0.035516754,0.998382048,0.002729832
-0.035379456,1.000826231,0.002621382
-0.035311719,0.997070768,0.002304487
-0.035153865,0.996379027,0.002675046
-0.035051872,1.000882573,0.002289762
-0.035006217,1.001559897,0.0030313
-0.034966551,0.994398807,0.002668045
-0.034873082,1.002493888,0.003033687
-0.034827699,1.00786759,0.002305337
-0.034802694,0.998773722,0.002301581
-0.034731182,1.000344239,0.002769959
-0.034704225,1.007560852,0.002415084
-0.034599535,0.999495065,0.002628862
-0.034520832,1.000149312,0.002570663
-0.034473256,1.002342551,0.002690701
-0.034443896,1.003671334,0.002659994
-0.034331171,0.999751523,0.002341418
-0.034257613,1.000207598,0.002598383
-0.034219871,1.002960695,0.003086339
-0.034127899,0.999361171,0.002727132
-0.033990581,0.997586909,0.00263107
-0.033922843,1.001110719,0.002307654
-0.033765,0.997035376,0.002677673
-0.033662984,0.999960689,0.00229023
-0.03361732,1.0007603,0.003019847
-0.033577686,0.997732485,0.002676338
-0.033484164,0.994211156,0.003028462
-0.033438815,1.001456179,0.002300229
-0.033413784,1.001720351,0.00230266
-0.033342307,0.999295854,0.002762723
-0.03331537,1.003361934,0.002411672
-0.033210681,0.999311156,0.002630043
-0.033131927,0.998505662,0.002566459
-0.033084371,0.998509667,0.002690848
-0.03305505,1.008683238,0.002657891
-0.032942306,1.002904965,0.002345497
-0.032868727,1.003029794,0.002598572
-0.032830965,0.997134048,0.003087132
-0.032739044,0.997074729,0.002724764
-0.032601706,0.99766807,0.002620594
-0.032533968,1.001140954,0.002306827
-0.032376135,1.000928682,0.002670836
-0.032274096,1.002368304,0.002292001
-0.032228424,1.005423301,0.00302954
-0.032188822,0.994159639,0.002666641
-0.032095246,1.001503901,0.003028311
-0.03204993,0.998445739,0.002296941
-0.032024875,1.000153398,0.002304939
-0.031953432,1.000179417,0.002766971
-0.031926515,1.001607939,0.002416437
-0.031821826,0.998091753,0.002630512
-0.031743021,0.998430384,0.002565285
-0.031695485,1.000437579,0.002700277
-0.031666205,1.006145698,0.002653543
-0.03155344,0.997010546,0.002339853
-0.031479842,0.999818116,0.002595766
-0.031442059,0.997396219,0.003104054
-0.031350189,0.998812395,0.002733812
-0.031212831,1.001291367,0.002625141
-0.031145092,1.002689902,0.002306495
-0.03098727,0.99913425,0.002670637
-0.030885209,0.998201512,0.002289135
-0.030839527,0.999724909,0.003029635
-0.030799957,0.992605774,0.002660534
-0.030706328,0.994542475,0.003030268
-0.030661046,0.997401484,0.002301389
-0.030635966,0.99206197,0.002297502
-0.030564557,0.995547456,0.002764177
-0.03053766,0.999160179,0.002411618
-0.030432972,0.999285133,0.002626907
-0.030354115,1.000378639,0.002571632
-0.0303066,0.996563617,0.002689614
-0.030277359,1.003327727,0.002657626
-0.030164575,0.996577737,0.00234064
-0.030090957,1.003115201,0.002603105
-0.030053152,0.997021371,0.003095557
-0.029961333,0.991015528,0.002726561
-0.029823957,0.999304042,0.002626156
-0.029756217,0.999957811,0.00230671
-0.029598405,0.994235359,0.002671405
-0.029496321,0.998105326,0.002290229
-0.02945063,1.006609848,0.003025074
-0.029411092,0.999283986,0.002667406
-0.02931741,0.994383212,0.003029208
-0.029272162,0.995477211,0.002295908
-0.029247056,0.999810926,0.002301718
-0.029175683,0.997476727,0.00276462
-0.029148806,0.996874814,0.002409014
-0.029044117,0.999958721,0.002630258
-0.028965209,0.99488725,0.002555609
-0.028917714,1.002418184,0.002696263
-0.028888514,1.002515493,0.002653313
-0.028775709,0.996500321,0.002338706
-0.028702072,0.996935287,0.002598923
-0.028664246,1.001077518,0.003090016
-0.028572478,0.995137709,0.002727299
-0.028435082,1.001139111,0.00262191
-0.028367341,0.989101815,0.002298047
-0.028209541,0.99748642,0.002669569
-0.028107433,0.989252099,0.002284386
-0.028061734,1.000067835,0.003026615
-0.028022228,1.000777022,0.002668775
-0.027928492,0.99854986,0.003030354
-0.027883277,0.998394612,0.002298951
-0.027858147,0.997329993,0.002300413
-0.027786808,0.997594453,0.002764591
-0.027759951,1.009149019,0.00241747
-0.027655263,1.000285211,0.002629864
-0.027576303,1.000871884,0.002571249
-0.027528829,0.998263826,0.002692418
-0.027499668,1.000116757,0.002656301
-0.027386844,0.998385701,0.002342971
-0.027313187,1.001024338,0.002603761
-0.02727534,0.997223302,0.003095646
-0.027183623,1.003732118,0.00272938
-0.027046207,1.003063413,0.002621977
-0.026978466,0.998328909,0.002305924
-0.026820676,0.996936883,0.002670151
-0.026718545,0.994891808,0.002287631
-0.026672837,0.999295508,0.003021692
-0.026633363,0.992905913,0.002676671
-0.026539574,0.998694829,0.003029522
-0.026494393,0.996608569,0.00229649
-0.026469238,1.00167733,0.002302877
-0.026397933,0.998458696,0.002770789
-0.026371096,0.991255844,0.002405281
-0.026266409,0.996412864,0.002634348
-0.026187398,0.997048612,0.002566378
-0.026139943,0.998050748,0.002696409
-0.026110822,1.001087203,0.002653662
-0.025997978,0.997598233,0.00234085
-0.025924302,0.997913971,0.002601516
-0.025886434,0.996885932,0.003083976
-0.025794768,0.997502778,0.002731841
-0.025657332,1.001434505,0.002622701
-0.02558959,0.998882844,0.002304213
-0.025431811,0.999891582,0.002670436
-0.025329658,0.997970658,0.002289462
-0.02528394,0.999699816,0.003032903
-0.025244498,0.996713487,0.002663758
-0.025150657,1.002558511,0.003030375
-0.025105508,1.002382259,0.002299154
-0.025080328,1.002584913,0.00230382
-0.025009059,1.002237015,0.002766227
-0.024982241,1.006718876,0.002417355
-0.024877554,1.000660639,0.00262832
-0.024798492,0.999198186,0.002568737
-0.024751057,1.00108589,0.002699649
-0.024721977,1.006817251,0.002658136
-0.024609113,0.998642705,0.002342076
-0.024535417,0.99885653,0.002596191
-0.024497528,1.001874506,0.00310271
-0.024405912,0.998579717,0.002729341
-0.024268457,1.000561776,0.002622437
-0.024200715,1.001129624,0.002305673
-0.024042946,0.995041055,0.002674114
-0.02394077,0.995885729,0.002288209
-0.023895043,1.002412078,0.003028724
-0.023855633,0.991938856,0.002670408
-0.023761739,1.00071458,0.003045039
-0.023716624,0.989511993,0.002291641
-0.023691419,0.991760776,0.002297092
-0.023620184,1.000539777,0.002767972
-0.023593386,0.996651416,0.002410964
-0.0234887,0.994649165,0.002629563
-0.023409586,0.998788784,0.002570925
-0.023362172,0.996079513,0.002692338
-0.023333131,1.006866226,0.002657325
-0.023220248,0.997850133,0.002341933
-0.023146532,1.001197524,0.00260139
-0.023108622,0.997011163,0.003089596
-0.023017057,1.001737503,0.00273498
-0.022879582,1.001513592,0.002624461
-0.022811839,0.995754602,0.002303012
-0.022654082,0.997989729,0.002670891
-0.022551882,0.998918854,0.002290962
-0.022506147,0.997404301,0.003023585
-0.022466768,0.999122435,0.002664093
-0.022372821,1.003237277,0.003037604
-0.02232774,1.003705287,0.002300979
-0.02230251,1.002933026,0.002303369
-0.022231309,0.997003117,0.002764146
-0.022204531,1.001097787,0.002414295
-0.022099845,0.995216601,0.002629786
-0.02202068,0.995600693,0.002562912
-0.021973286,0.999497128,0.002691177
-0.021944286,0.998905319,0.002653198
-0.021831382,1.000065805,0.002341577
-0.021757647,0.997057637,0.00259873
-0.021719716,0.998455243,0.00309494
-0.021628202,1.001288287,0.002729796
-0.021490707,0.995961621,0.002620339
-0.021422963,0.998967039,0.00230631
-0.021265217,1.000161271,0.002672136
-0.021162994,0.992652237,0.002287717
-0.02111725,1.001346248,0.003028302
-0.021077904,1.000716467,0.002668423
-0.020983903,1.000131112,0.003035957
-0.020938855,1.000785422,0.00229866
-0.0209136,0.99740396,0.002301907
-0.020842435,1.000594437,0.002764443
-0.020815676,0.99227576,0.002407454
-0.020710991,1.000064794,0.002622325
-0.020631774,0.998150287,0.00256732
-0.020584401,0.995261792,0.002690631
-0.02055544,1.009104241,0.002658527
-0.020442517,0.99947205,0.002343365
-0.020368762,0.999991266,0.002599498
-0.02033081,1.002870585,0.003097563
-0.020239346,0.996259523,0.002726158
-0.020101832,1.002905759,0.002625271
-0.020034088,0.9970249,0.002301726
-0.019876352,0.996118808,0.002669591
-0.019774107,0.994162116,0.002288299
-0.019728353,1.00273326,0.003023314
-0.019689039,0.996312021,0.002660374
-0.019594985,0.9977712,0.003027724
-0.019549971,0.996493435,0.002295638
-0.019524691,0.99645303,0.002300098
-0.01945356,1.000948412,0.002769079
-0.019426821,1.006466602,0.002418358
-0.019322137,1.000541142,0.002634739
-0.019242868,0.996104785,0.002565886
-0.019195515,0.997996115,0.002694626
-0.019166594,1.000650898,0.00265706
-0.019053651,0.996373717,0.002340676
-0.018979876,1.002320036,0.002599124
-0.018941904,0.995102224,0.003088322
-0.018850491,0.999820033,0.002735944
-0.018712957,1.000646814,0.002625575
-0.018645212,0.995564404,0.00230102
-0.018487487,0.999300016,0.002673006
-0.018385219,0.996539196,0.002288935
-0.018339457,0.999944413,0.003034317
-0.018300174,1.00129656,0.002668066
-0.018206068,0.999318905,0.003036289
-0.018161087,0.997090006,0.00229635
-0.018135781,1.003339661,0.002304036
-0.018064685,1.002982373,0.002768108
-0.018037966,0.998492362,0.002411273
-0.017933282,0.99647462,0.00262764
-0.017853963,0.99831551,0.002567596
-0.01780663,0.996888476,0.002695291
-0.017777749,1.001654223,0.002658181
-0.017664786,0.997559667,0.002342269
-0.017590991,0.994411164,0.002595961
-0.017552998,1.00263991,0.003090755
-0.017461636,0.999460681,0.002731533
-0.017324082,0.999439369,0.002633754
-0.017256337,0.998922918,0.002302421
-0.017098622,0.998956017,0.002672152
-0.016996331,0.999106142,0.00229134
-0.01695056,1.002068512,0.003028725
-0.01691131,0.99851347,0.002666511
-0.01681715,1.000480258,0.003030806
-0.016772202,1.000093052,0.002297696
-0.016746872,0.998121027,0.002300823
-0.016675811,0.997455421,0.002763557
-0.016649111,1.003917293,0.002415785
-0.016544428,1.002987042,0.00262769
-0.016465057,1.00131856,0.002563808
-0.016417744,0.998236618,0.002699013
-0.016388903,1.000395356,0.002653433
-0.01627592,0.999790886,0.002340768
-0.016202106,0.998753821,0.002598582
-0.016164092,0.998194208,0.003100337
-0.01607278,0.99755088,0.00272878
-0.015935208,0.999295893,0.002625272
-0.015867461,1.000802667,0.002305499
-0.015709758,0.996783485,0.002668593
-0.015607443,0.999837107,0.002290426
-0.015561663,1.002592781,0.0030279
-0.015522445,0.998741491,0.002673792
-0.015428232,0.995676345,0.003027509
-0.015383318,1.002436546,0.002299288
-0.015357963,0.994928501,0.002300201
-0.015286936,0.99828454,0.002767317
-0.015260256,1.003908286,0.002417093
-0.015155573,0.994191331,0.00262295
-0.015076151,1.000053888,0.002572382
-0.015028859,0.998970762,0.002693532
-0.015000058,1.005234331,0.002653834
-0.014887055,1.002085575,0.002344218
-0.014813221,0.999226763,0.002593224
-0.014775186,0.995597491,0.003088665
-0.014683925,0.999403991,0.002727375
-0.014546333,1.001188118,0.002625034
-0.014478586,0.998250674,0.002302489
-0.014320893,1.000372197,0.002670832
-0.014218556,1.001132611,0.002291561
-0.014172767,0.993486986,0.003027551
-0.01413358,0.996566744,0.002665912
-0.014039314,0.997887987,0.003043831
-0.013994434,1.000707807,0.002297073
-0.013969054,1.000126463,0.002301822
-0.013898061,1.000365252,0.002766956
-0.013871401,0.993943195,0.002409985
-0.013766719,0.999821977,0.002630441
-0.013687245,0.997498839,0.002565442
-0.013639973,1.003239074,0.002693164
-0.013611212,1.005009695,0.002654304
-0.01349819,0.995458953,0.002339403
-0.013424336,0.999267004,0.002599962
-0.01338628,0.993864238,0.003084264
-0.01329507,0.997949869,0.002727997
-0.013157458,0.999702784,0.002627615
-0.01308971,0.995957277,0.002301791
-0.012932028,0.998394302,0.002668213
-0.012829668,0.994585523,0.002286814
-0.01278387,0.998128748,0.003026331
-0.012744715,0.999594632,0.002665603
-0.012650396,0.996572855,0.00303594
-0.012605549,0.993857506,0.002293186
-0.012580144,0.993015496,0.002298627
-0.012509187,0.999621151,0.002762961
-0.012482546,1.005801369,0.002417297
-0.012377865,1.000555524,0.002635283
-0.012298339,1.002092219,0.002574815
-0.012251087,0.996821777,0.002693423
-0.012222366,1.00261588,0.002655048
-0.012109324,0.995433958,0.002342669
-0.012035451,0.998597763,0.002598282
-0.011997374,0.997282894,0.003089119
-0.011906214,0.993807062,0.00272468
-0.011768583,1.003286913,0.002626603
-0.011700835,0.99733226,0.002303639
-0.011543163,1.003533007,0.0026729
-0.01144078,0.999291918,0.002290093
-0.011394973,1.001576815,0.003027255
-0.01135585,0.991652458,0.002659314
-0.011261478,1.006635691,0.003032547
-0.011216665,1.000962074,0.002297928
-0.011191235,1.0006883,0.00230125
-0.011120312,1.002080622,0.002767409
-0.011093691,0.997701339,0.002412784
-0.01098901,0.997845828,0.00263415
-0.010909433,0.996111085,0.002568603
-0.010862202,0.996475674,0.00269329
-0.010833521,0.998296868,0.002656562
-0.010720459,0.999015521,0.002341434
-0.010646566,0.998527724,0.002598943
-0.010608468,0.995072577,0.003087071
-0.010517359,0.995232377,0.002726167
-0.010379708,0.998876546,0.002630729
-0.010311959,0.994540694,0.00229961
-0.010154298,0.994606963,0.002667664
-0.010051892,0.99717467,0.002288191
-0.010006077,1.001449439,0.003027489
-0.009966986,0.996351468,0.002668379
-0.00987256,1.000244512,0.003035501
-0.009827781,0.999777971,0.002296058
-0.009802326,1.003539039,0.002303339
-0.009731437,1.001998708,0.002765946
-0.009704836,0.998234268,0.002414393
-0.009600156,0.999730809,0.002632224
-0.009520528,0.998329963,0.002568746
-0.009473316,0.998120604,0.002689387
-0.009444675,1.000149711,0.00265185
-0.009331593,0.995375099,0.002337367
-0.00925768,0.999070587,0.002600132
-0.009219562,1.002673325,0.003097501
-0.009128504,1.00259925,0.002731903
-0.008990833,1.001140893,0.002623698
-0.008923083,0.99247206,0.002303813
-0.008765434,1.000365632,0.002670137
-0.008663005,0.996048,0.00229026
-0.00861718,0.999921673,0.003027958
-0.008578121,0.993701965,0.002664009
-0.008483643,0.999012681,0.003028344
-0.008438896,1.003054031,0.002301787
-0.008413416,0.99736447,0.002302424
-0.008342563,0.997619035,0.002767927
-0.008315981,0.996345598,0.002412103
-0.008211302,1.001659938,0.00262701
-0.008131622,0.998743734,0.002572112
-0.008084431,1.001261241,0.002694111
-0.008055829,1.002401585,0.002657739
-0.007942728,0.99552675,0.002337939
-0.007868795,0.995543458,0.002603985
-0.007830656,1.001258469,0.003090194
-0.007739649,0.99664806,0.002725867
-0.007601958,1.00519437,0.002639463
-0.007534208,1.003636027,0.002306294
-0.007376569,0.997528462,0.002670603
-0.007274117,0.995962648,0.002288103
-0.007228283,0.998051423,0.003025741
-0.007189256,0.998877715,0.002660717
-0.007094725,1.000368432,0.003033207
-0.007050012,0.993485352,0.002293653
-0.007024507,1.000131204,0.002303134
-0.006953688,0.998488715,0.002765071
-0.006927126,1.006135678,0.002416745
-0.006822447,0.999716112,0.002625569
-0.006742716,1.003579028,0.002573391
-0.006695545,1.003575274,0.002692777
-0.006666984,0.997683667,0.002657572
-0.006553862,0.996495877,0.002339407
-0.00647991,0.998439298,0.002606528
-0.00644175,0.998891557,0.003086729
-0.006350793,0.997160631,0.002726723
-0.006213083,0.999598785,0.002625383
-0.006145332,1.000254691,0.002302645
-0.005987704,0.992198337,0.002668023
-0.005885229,0.998051275,0.00229032
-0.005839387,1.001292214,0.003031168
-0.005800392,0.994735513,0.00266849
-0.005705807,1.004967989,0.00303246
-0.005661128,1.000282756,0.002298105
-0.005635598,1.000923375,0.002303639
-0.005564813,1.001583099,0.002772554
-0.005538272,0.999588565,0.002415114
-0.005433593,1.002760985,0.002628503
-0.00535381,1.000790332,0.002568389
-0.00530666,0.998344585,0.002692226
-0.005278138,1.003517527,0.002657269
-0.005164997,1.002201194,0.002341986
-0.005091025,0.999729408,0.002598104
-0.005052844,0.995821832,0.003091579
-0.004961938,1.001882961,0.002729675
-0.004824208,0.999743576,0.00263222
-0.004756457,0.997283845,0.002301502
-0.004598839,0.994929165,0.002673309
-0.004496341,1.000644684,0.002289784
-0.00445049,1.000447144,0.003025277
-0.004411527,0.992127912,0.002668158
-0.004316889,1.005643043,0.003034999
-0.004272243,1.000321273,0.002295732
-0.004246688,0.99543138,0.002300664
-0.004175939,0.999920626,0.002764152
-0.004149416,0.992877322,0.002410777
-0.004044739,0.997666606,0.002627503
-0.003964904,0.99764027,0.002563887
-0.003917774,1.002221483,0.002694313
-0.003889293,1.002306646,0.002657723
-0.003776131,0.99829546,0.002343173
-0.00370214,1.002994089,0.002601513
-0.003663938,0.997319255,0.003091093
-0.003573083,0.99725966,0.002731067
-0.003435333,1.00069925,0.002621983
-0.003367581,0.99435412,0.00230004
-0.003209975,0.998035378,0.002668538
-0.003107454,0.996116492,0.00228927
-0.003061594,1.002328311,0.003022697
-0.003022662,0.999827706,0.00267616
-0.002927971,0.999005103,0.003035443
-0.002883359,1.005037924,0.002299717
-0.002857779,0.999686677,0.002303271
-0.002787064,0.997061002,0.002766254
-0.002760562,0.997825705,0.002414929
-0.002655884,0.996797802,0.002631309
-0.002575998,0.998138026,0.002572024
-0.002528889,0.996436287,0.00269498
-0.002500447,1.00671664,0.002660024
-0.002387266,0.993245606,0.002333947
-0.002313255,0.99652316,0.002598028
-0.002275032,1.001565696,0.003093416
-0.002184227,0.999804713,0.002728797
-0.002046459,0.999111337,0.002624803
-0.001978705,0.997739879,0.002302804
-0.00182111,0.993428978,0.002667473
-0.001718566,0.997375201,0.002287766
-0.001672697,1.000647617,0.003033951
-0.001633797,0.993868446,0.00266601
-0.001539054,0.996418329,0.003034588
-0.001494475,0.992585492,0.00229388
-0.00146887,0.997244928,0.002300805
-0.001398189,1.000634412,0.002773261
-0.001371707,0.999063627,0.002412814
-0.00126703,0.999440852,0.002626599
-0.001187092,0.998444135,0.002565496
-0.001140003,1.002728053,0.002694671
-0.001111601,1.002478454,0.002651426
-0.000998401,0.999159995,0.002339818
-0.00092437,0.999544565,0.002601166
-0.000886126,1.002593613,0.00308612
-0.000795372,0.999734767,0.002727799
-0.000657584,1.002283904,0.002625048
-0.00058983,1.005263761,0.002306422
-0.000432245,0.997510854,0.002671501
-0.000329678,0.994728923,0.002286768
-0.0002838,1.002363426,0.003028446
-0.000244932,0.995026889,0.002670896
-0.000150136,1.001214706,0.003032813
-0.00010559,1.002800195,0.002298401
-7.99606E-05,0.997986913,0.002302707
-9.31448E-06,1.001488169,0.00276393
1.71486E-05,1.000332944,0.002417446
0.000121825,0.998597093,0.002633068
0.000201813,0.997005146,0.002566912
0.000248882,0.995750725,0.002697835
0.000277244,1.007465617,0.002655995
0.000390465,1.002917046,0.002343852
0.000464516,0.995988533,0.002597034
0.000502781,0.998833369,0.003093295
0.000593483,0.99802486,0.002729114
0.000731291,1.000163086,0.002629484
0.000799046,1.000387398,0.002303625
0.00095662,1.001260257,0.002682319
0.00105921,1.003713148,0.002291137
0.001105096,1.003969044,0.003027379
0.001143932,0.995828412,0.002669239
0.001238782,0.997940601,0.003027483
0.001283294,0.998341027,0.002295598
0.001308949,1.001600604,0.00230497
0.00137956,0.994612065,0.00276355
0.001406003,1.000269719,0.002415111
0.001510679,0.992403367,0.002626895
0.001590719,0.997116946,0.002568352
0.001637768,1.00115456,0.002703138
0.00166609,1.004112939,0.00265407
0.00177933,1.002150621,0.002343844
0.001853401,1.001821269,0.00259735
0.001891687,0.996974601,0.003087675
0.001982339,0.996761946,0.002729
0.002120166,0.997579702,0.002624054
0.002187921,0.997205815,0.00230323
0.002345485,0.997794636,0.002669974
0.002448097,0.999586539,0.002289642
0.002493993,0.998622598,0.003021601
0.002532797,0.997104042,0.002669275
0.0026277,0.998263774,0.003028988
0.002672178,1.001081162,0.002298238
0.002697858,0.998059116,0.002302766
0.002768435,0.999693318,0.002769636
0.002794858,0.994824143,0.002412425
0.002899533,1.003153677,0.002639153
0.002979625,0.995785102,0.002569545
0.003026653,1.000469532,0.002692667
0.003054936,1.001690389,0.002654435
0.003168196,0.99561595,0.002336105
0.003242286,1.000698529,0.002606186
0.003280593,0.998592961,0.003076403
0.003371194,0.997261713,0.002726431
0.003509041,0.999687256,0.002626853
0.003576797,0.995353363,0.002298876
0.00373435,0.999067355,0.002670952
0.003836985,0.999892065,0.002290281
0.00388289,0.993807453,0.003024076
0.003921662,0.995899351,0.002660931
0.004016618,0.996741995,0.003032061
0.004061063,0.995688353,0.002293269
0.004086767,0.997656712,0.002301232
0.00415731,0.995657054,0.002769279
0.004183714,1.006160265,0.002418062
0.004288387,0.993795475,0.002624225
0.004368531,0.997908103,0.002566017
0.004415539,0.997101732,0.002693576
0.004443782,1.001868533,0.002652271
0.004557061,0.999128771,0.002342776
0.004631171,0.999520445,0.002598148
0.004669499,1.001129991,0.003086375
0.004760049,1.000807857,0.002731891
0.004897916,0.998557759,0.002628703
0.004965673,0.998106157,0.002302949
0.005123214,1.000609733,0.002673999
0.005225873,0.99876416,0.002290035
0.005271786,1.001810278,0.003022267
0.005310526,0.995667843,0.002664828
0.005405535,0.994654021,0.003032394
0.005449947,0.997427763,0.002296355
0.005475677,0.999859575,0.002303692
0.005546184,0.995725492,0.002765625
0.005572568,0.993130788,0.002412674
0.005677242,0.998499,0.002626872
0.005757437,0.998584054,0.002570963
0.005804425,0.999566468,0.002693798
0.005832627,1.005950365,0.00265015
0.005945927,1.00033936,0.002341411
0.006020056,0.997741993,0.002598606
0.006058405,0.994773599,0.003085601
0.006148905,1.002609503,0.002728597
0.006286791,1.001620724,0.002625823
0.006354548,1.002236214,0.002309487
0.006512079,0.992250169,0.002672685
0.006614761,0.991298626,0.002284764
0.006660683,1.004273475,0.003023583
0.006699391,1.000296911,0.002665994
0.006794453,0.997272694,0.003032335
0.006838831,0.990318966,0.002290575
0.006864586,0.998613257,0.002302394
0.006935059,1.000571372,0.002766227
0.006961423,1.000198562,0.002414899
0.007066096,1.000188134,0.002627192
0.007146343,0.998012365,0.002569747
0.00719331,0.995341695,0.002688072
0.007221473,0.999236617,0.002656556
0.007334792,1.000753083,0.00234104
0.007408941,1.00613647,0.002603501
0.007447311,0.994831471,0.003085112
0.00753776,1.000580236,0.002730252
0.007675665,1.001360257,0.002632308
0.007743424,0.997330909,0.002301509
0.007900944,0.998184329,0.00267877
0.008003648,0.998844598,0.002289553
0.008049579,1.0030212,0.003039048
0.008088256,0.994071545,0.002669497
0.008183371,1.00000134,0.003030146
0.008227716,1.001281629,0.002298861
0.008253495,1.002418813,0.00230463
0.008323934,1.000343585,0.002767929
0.008350279,1.003559037,0.002416161
0.008454951,0.995366506,0.002625541
0.008535248,0.996941702,0.002569263
0.008582196,0.998044272,0.002694887
0.008610319,1.000856165,0.002650471
0.008723658,1.0051508,0.002344468
0.008797827,0.998810486,0.002603979
0.008836217,0.99695384,0.00308441
0.008926615,0.99473117,0.002728737
0.00906454,0.997419687,0.002627942
0.009132299,0.994668795,0.002300077
0.009289809,1.000928121,0.002668436
0.009392536,1.002634925,0.002291434
0.009438476,0.998726769,0.003027129
0.009477121,1.000546865,0.002667633
0.009572289,0.998695912,0.003036574
0.0096166,0.994680138,0.002293417
0.009642405,0.995089472,0.002300416
0.009712808,0.998417409,0.002766004
0.009739133,0.996016235,0.002414462
0.009843805,0.997921144,0.00262745
0.009924154,0.999661219,0.002570111
0.009971081,0.991930497,0.002689947
0.009999164,1.000287791,0.002654316
0.010112523,0.999514112,0.00234094
0.010186712,1.000716768,0.00260131
0.010225123,0.999454267,0.003084603
0.01031547,1.001718559,0.002732165
0.010453415,1.001692206,0.002623409
0.010521175,1.002033932,0.002302978
0.010678674,0.996834872,0.002668489
0.010781424,0.995221527,0.002287787
0.010827373,1.005138733,0.003022883
0.010865985,0.99664862,0.002663682
0.010961207,1.000759914,0.003030433
0.011005484,0.997319914,0.002294863
0.011031314,0.99718239,0.002302032
0.011101683,1.005432772,0.002777121
0.011127989,0.999546066,0.002415963
0.011232659,0.996209238,0.002626662
0.01131306,0.999191572,0.002572938
0.011359967,0.993140656,0.002691191
0.01138801,0.999153016,0.002649444
0.011501388,0.995686364,0.002339165
0.011575597,0.996882456,0.002596252
0.011614029,0.995513667,0.003084187
0.011704326,1.002041391,0.002731586
0.01184229,1.002888346,0.002630852
0.01191005,1.000302401,0.002303837
0.012067538,0.998546297,0.002667961
0.012170311,1.006542908,0.002292786
0.012216269,0.995555258,0.003020802
0.01225485,1.005251529,0.002673756
0.012350125,1.000025156,0.003029328
0.012394369,1.002325157,0.002298763
0.012420223,0.99947777,0.002303723
0.012490558,0.999527245,0.002773344
0.012516843,0.997021785,0.002416967
0.012621514,0.991952605,0.002628166
0.012701966,0.997031315,0.002570593
0.012748852,0.996365609,0.002692975
0.012776856,1.002483745,0.002648335
0.012890254,1.001440236,0.002341719
0.013002935,1.001249543,0.003081799
0.013093181,0.997880381,0.00273371
0.013231165,1.003186027,0.002624348
0.013298926,0.997469155,0.002301711
0.013456404,0.996432304,0.002671278
0.013559199,0.995303082,0.002285352
0.013605166,0.994884044,0.003022216
0.013643715,0.995917941,0.002662717
0.013739042,0.998180594,0.003037146
0.013783253,0.997824884,0.002295649
0.013809132,1.00328241,0.002304975
0.013879433,0.995100532,0.002763354
0.013905699,1.00416633,0.002417914
0.014010368,1.000550931,0.002633113
0.014090872,0.996871017,0.002568293
0.014137738,0.996029782,0.002691083
0.014165701,1.001741344,0.002646255
0.014279119,1.00322534,0.002342286
0.014391841,0.996419658,0.00308376
0.014482036,0.998410977,0.002727625
0.01462004,1.003842585,0.002626589
0.014687802,0.996922724,0.002302513
0.014845268,0.994009833,0.002668633
0.014948087,1.000629342,0.002290002
0.014994063,1.001448327,0.003030114
0.015032579,0.996095022,0.002660336
0.01512796,1.002807791,0.003045979
0.015172137,0.993609781,0.002292607
0.015198042,0.995837342,0.002303914
0.015268307,1.001734367,0.002766726
0.015294554,1.003681085,0.00241595
0.015399222,0.996371262,0.002624703
0.015479778,0.996138021,0.002570598
0.015526623,1.003654911,0.002699662
0.015554547,1.002879234,0.002652556
0.015667985,1.005500865,0.002344108
0.015742252,0.997199058,0.002598629
0.015780747,0.993042445,0.003092409
0.015870892,0.998912848,0.002731047
0.016008915,0.998244063,0.002634415
0.016076677,1.00391946,0.002306826
0.016234133,1.003655563,0.002673188
0.016336975,1.001540483,0.002291801
0.016382959,0.998276389,0.003027351
0.016421444,0.998626255,0.00266619
0.016516878,0.995430962,0.003033692
0.016561022,0.994112671,0.002292683
0.016586951,0.999544548,0.002304812
0.016657182,0.999293784,0.002768968
0.016683409,0.997673517,0.002416293
0.016788077,1.000291279,0.002639459
0.016868684,0.995778498,0.002568025
0.016915509,0.999798323,0.002688651
0.016943393,1.000392855,0.002649618
0.01705685,1.004819039,0.00234337
0.017131138,1.001234807,0.002604145
0.017169653,1.004459092,0.003089347
0.017259747,0.99809602,0.002724886
0.017397789,0.999232645,0.002617559
0.017465553,1.004377032,0.002305335
0.017622998,0.994029986,0.002667955
0.017725862,0.99953933,0.002287953
0.017771856,0.998521626,0.003022334
0.017810309,1.000465197,0.002663337
0.017905796,0.998506377,0.003033286
0.017949906,0.996596566,0.002294527
0.01797586,0.998795572,0.002304922
0.018046057,0.993629452,0.002766476
0.018072264,0.997465518,0.002414603
0.018176931,0.998196177,0.002629278
0.01825759,0.998537776,0.002570577
0.018304394,0.998946113,0.002699051
0.018332238,1.004346087,0.002654265
0.018445716,0.992303279,0.002336653
0.018520023,0.997619349,0.002603542
0.018558559,0.997172546,0.003078724
0.018648602,1.000852715,0.002735949
0.018786664,1.001056235,0.002623186
0.018854429,0.998051528,0.0023065
0.019011863,0.997557505,0.002672328
0.01911475,1.000273691,0.002288847
0.019160752,1.002543757,0.003026541
0.019199174,1.000270531,0.00266944
0.019294713,1.002141409,0.00303534
0.01933879,0.994068821,0.002290435
0.01936477,0.996587161,0.002303261
0.019434931,0.998369452,0.002763599
0.019461119,1.001648918,0.00241904
0.019565785,0.995994156,0.002628332
0.019646496,0.998221478,0.002570065
0.01969328,0.998862971,0.00269946
0.019721084,1.002898276,0.002653164
0.019834581,1.001644827,0.00234199
0.019908908,1.003646204,0.002604579
0.019947465,1.002086358,0.003083522
0.020037458,0.995614144,0.002725946
0.020175539,0.999884922,0.002625157
0.020243304,0.994858289,0.002304695
0.020400728,0.997676455,0.002670584
0.020503638,1.002855084,0.002289516
0.020549649,1.001241592,0.003022936
0.020588038,0.994948434,0.002664924
0.020683631,0.997694242,0.003025527
0.020727675,1.006378735,0.002298651
0.020753679,0.997798106,0.002303129
0.020823806,0.999023389,0.00276767
0.020849974,0.997144264,0.002414996
0.02095464,0.997352399,0.002630498
0.021035401,1.003042206,0.002573046
0.021082165,1.002322899,0.002692307
0.02110993,1.000586013,0.002655295
0.021223447,0.996032708,0.002338997
0.021297793,0.998763308,0.002603708
0.021336371,1.002579918,0.003093022
0.021426313,0.996966605,0.002727648
0.021564414,0.999276366,0.002621751
0.02163218,0.997591718,0.002304187
0.021789592,0.997941648,0.002670382
0.021892525,0.990494911,0.002284657
0.021938545,0.997891941,0.003018791
0.021976903,0.993392105,0.002663053
0.022072549,1.000619365,0.003031097
0.022116559,0.997479673,0.002291929
0.022142588,0.998534579,0.002304687
0.022212681,1.002041984,0.00276995
0.022238829,1.002686158,0.00242098
0.022343494,1.000391964,0.00262834
0.022424307,1.001432039,0.002573714
0.022471051,1.003036109,0.002697837
0.022498775,1.001170927,0.0026511
0.022612312,0.999945304,0.002343562
0.022686678,1.00022322,0.002600873
0.022725277,1.002219733,0.003088019
0.022815168,1.00051163,0.002727847
0.022953289,1.001624255,0.002625669
0.023021056,0.997860891,0.002305041
0.023178457,1.000452968,0.002671436
0.023281413,0.995585957,0.002287829
0.023327442,1.002404553,0.003037127
0.023365768,0.997859642,0.002671046
0.023461467,1.007102797,0.003036307
0.023505443,1.002142033,0.002297392
0.023531497,0.994935748,0.002302024
0.023601556,1.002149122,0.002767979
0.023627684,0.996559705,0.002409961
0.023732348,0.997259119,0.002624839
0.023813213,1.004314862,0.002568732
0.023859936,0.997501875,0.002695218
0.023887621,1.004254669,0.002647693
0.024001178,0.991886151,0.00233539
0.024075563,0.997697294,0.002606959
0.024114183,0.996358231,0.003079673
0.024204024,1.000853302,0.002730546
0.024342164,0.995646921,0.002625613
0.024409931,1.001086189,0.002307909
0.024567322,0.993430762,0.002667683
0.024670301,0.997117886,0.002289025
0.024716339,1.001159389,0.003025605
0.024754632,0.997993604,0.002664731
0.024850385,0.996737579,0.003029045
0.024894328,0.995766231,0.00229178
0.024920407,1.00448678,0.002308621
0.02499043,0.996865724,0.002765084
0.025016539,1.001887824,0.00241933
0.025121202,0.997770266,0.002626032
0.025202119,1.00046719,0.002572838
0.025248822,0.995160778,0.002689845
0.025276467,1.00341745,0.002649292
0.025390043,0.998264083,0.002338161
0.025464449,0.996773274,0.002606473
0.025503089,0.999664076,0.0030898
0.025592879,1.000610863,0.002726853
0.025731038,0.998097777,0.002625977
0.025798807,0.994389794,0.002301413
0.025956187,1.000647462,0.002669889
0.026059188,1.001624485,0.002289343
0.026105235,0.998908222,0.003031556
0.026143497,0.997581882,0.002667503
0.026239302,1.004545491,0.003026564
0.026283212,0.99154992,0.002289996
0.026309316,0.999507834,0.002304438
0.026379305,0.996112847,0.002766138
0.026405394,0.999662402,0.002415599
0.026510057,0.998618017,0.002626205
0.026591025,0.999880551,0.002571177
0.026637707,1.000847515,0.002693973
0.026665313,1.002119878,0.002647431
0.026778908,0.997305008,0.002337826
0.026853334,0.995690112,0.002599826
0.026891995,0.993800274,0.003084533
0.026981734,0.996349714,0.002726699
0.027119913,0.999019353,0.002624619
0.027187682,0.999606657,0.002304695
0.027345052,0.998948871,0.00267071
0.027448076,0.997664995,0.002288618
0.027494132,0.996517213,0.003022968
0.027532362,1.000502735,0.002668395
0.02762822,1.003326487,0.00303148
0.027672096,0.998884223,0.002294324
0.027698225,0.994815652,0.002301709
0.02776818,1.000728934,0.002764134
0.027794249,1.003449489,0.00241641
0.027898911,1.000035536,0.00262673
0.027979931,1.000659236,0.002574231
0.028026593,1.000244405,0.00269638
0.028054158,0.996763705,0.002646211
0.028167774,0.998638742,0.002341866
0.028242219,1.002192814,0.002601888
0.028280901,1.001433018,0.003081608
0.02837059,0.999458539,0.00272961
0.028508788,1.000809525,0.002619714
0.028576558,0.99596536,0.002305253
0.028733917,0.994794438,0.002668799
0.028836964,1.001154808,0.002289229
0.028883028,1.002262809,0.003037656
0.028921227,0.996279544,0.002665529
0.029017138,1.001576642,0.003038721
0.029060981,0.996336077,0.002291921
0.029087134,1.006809839,0.002307803
0.029157055,0.996544093,0.002765952
0.029183104,1.002609612,0.002420407
0.029287765,0.995888596,0.002633282
0.029368837,0.997836517,0.002574151
0.029415478,0.999792549,0.002699178
0.029443004,1.005110321,0.002656159
0.029556639,0.99891373,0.002343037
0.029631104,0.996447159,0.002606809
0.029669807,0.99750145,0.003083788
0.029759445,1.002692192,0.002730947
0.029897663,1.002030092,0.002626508
0.029965434,0.997141888,0.002302185
0.030122782,1.001654451,0.002671353
0.030225851,0.992818444,0.002286051
0.030271925,1.000033822,0.003033362
0.030310091,0.99882864,0.002674146
0.030406056,0.998376364,0.003029578
0.030449865,0.995242424,0.002290138
0.030476044,0.995671183,0.002303505
0.030545929,1.000949327,0.002766561
0.030571959,0.998086282,0.002413125
0.03067662,0.995376146,0.002626927
0.030757742,0.998291275,0.002575792
0.030804364,0.997298346,0.002700332
0.03083185,1.00742983,0.002648672
0.030945505,0.996060587,0.002336999
0.031019989,0.999907896,0.002606409
0.031058714,0.999345487,0.003075374
0.0311483,0.997833899,0.002726896
0.031286538,0.997824178,0.002632656
0.031354309,0.997238307,0.002304008
0.031511647,0.995200411,0.002672536
0.031614739,0.997768829,0.002287517
0.031660822,0.997665835,0.003038046
0.031698956,0.995428589,0.002665214
0.031794974,1.002056944,0.003042351
0.031838749,0.997510571,0.002291126
0.031864953,1.003988899,0.002306639
0.031934804,0.997586581,0.00276464
0.031960814,1.003258563,0.00241841
0.032065474,0.99712489,0.002627401
0.032146648,0.996318087,0.002571758
0.032193249,0.997489575,0.002695703
0.032220696,1.001131628,0.002649462
0.03233437,0.996537888,0.002337665
0.032408874,0.998899139,0.002602334
0.03244762,0.998052723,0.003080749
0.032537156,0.999980266,0.002726639
0.032675412,1.003952681,0.002630602
0.032743185,1.000452359,0.002306093
0.032900511,1.000313994,0.002667644
0.033003627,0.998867772,0.002288831
0.033049718,0.99914491,0.003024363
0.033087821,0.996836952,0.002668905
0.033183891,1.000010894,0.003025318
0.033227634,0.999024456,0.002292129
0.033253862,1.002386501,0.002306677
0.033323679,0.99824582,0.002769159
0.033349669,0.999650108,0.002416451
0.033454328,1.003156246,0.002628305
0.033535554,0.994520627,0.002572551
0.033582135,0.996930446,0.002690025
0.033609541,0.998432968,0.002644341
0.033723236,0.999623315,0.002342448
0.03379776,0.999186274,0.002602553
0.033836526,0.99988111,0.003087158
0.033926011,0.998435941,0.002726814
0.034064287,1.000943213,0.002627808
0.034132061,0.999143376,0.002305811
0.034289376,0.998867896,0.002668582
0.034392514,1.000710529,0.002287683
0.034438615,1.001592938,0.003023205
0.034476685,0.999084909,0.002665603
0.034572809,0.995339661,0.003022104
0.034616518,0.999639525,0.002291504
0.034642772,0.99567556,0.002303666
0.034712553,0.999152772,0.002767586
0.034738524,0.998266192,0.002414686
0.034843183,1.000590782,0.002631301
0.03492446,1.000601891,0.00257529
0.03497102,1.001871687,0.002704803
0.034998387,1.002501397,0.002648528
0.035112101,0.993009904,0.002335635
0.035186645,0.99720282,0.002601753
0.035225432,1.001819571,0.003084581
0.035314867,1.000143394,0.002730037
0.035453162,0.999998465,0.002624135
0.035520936,0.997802028,0.002309002
0.035678241,0.999044963,0.002670842
0.035781402,1.002995363,0.002291187
0.035827511,0.99844096,0.003032547
0.03586555,0.998079605,0.002664802
0.035961727,0.996041438,0.003042675
0.036005402,1.001323491,0.002294847
0.036031681,0.997934275,0.002305715
0.036101428,0.996334011,0.00276637
0.036127379,0.998726554,0.002412271
0.036232037,0.997176089,0.00263083
0.036313366,0.997960593,0.002573012
0.036359906,1.001361265,0.002695977
0.036387233,1.003368353,0.002646099
0.036500967,1.00537949,0.002344867
0.03657553,0.997143031,0.002601307
0.036614338,0.996998894,0.003091425
0.036703722,0.997210092,0.002728345
0.036842037,1.000310273,0.00263337
0.036909812,0.995022972,0.002306156
0.037067106,1.001226185,0.002672522
0.03717029,0.996459203,0.002286931
0.037216408,0.998890353,0.003020279
0.037254415,1.004488488,0.002673129
0.037350645,0.998896593,0.003035239
0.037394287,0.998941483,0.002288554
0.03742059,1.002950592,0.00230711
0.037490303,1.000569792,0.00277001
0.037516235,0.995768419,0.002415688
0.037620891,1.004088829,0.002640352
0.037702272,0.996678968,0.00257165
0.037748791,0.996740697,0.002697838
0.037776079,1.002827919,0.00264761
0.037889832,0.995677418,0.0023369
0.037964415,0.997151068,0.002602762
0.038003244,1.004658304,0.003082237
0.038092577,0.999140712,0.002729578
0.038230912,1.006455311,0.002622367
0.038298688,1.000456461,0.002308577
0.038455971,1.00040513,0.002671686
0.038559177,0.996464336,0.002286846
0.038605304,1.007468825,0.003039886
0.038643279,0.999941758,0.002672806
0.038739562,0.996896031,0.003030245
0.038783171,0.998626901,0.002292971
0.038809499,0.995756581,0.002302561
0.038879178,0.999027972,0.00276986
0.03890509,1.000895674,0.002420548
0.039009746,0.998062885,0.002621561
0.039091178,0.999903369,0.002575398
0.039137677,1.002851475,0.002696351
0.039164924,1.001169621,0.002647868
0.039278698,0.996640051,0.002339487
0.039353301,1.001153505,0.00260359
0.03939215,1.000506055,0.003093083
0.039481432,1.000638909,0.002726847
0.039619787,1.001246229,0.002626125
0.039687563,0.995662453,0.00230487
0.039844836,1.001839314,0.002672371
0.039948065,0.998143676,0.002286922
0.039994201,1.002246658,0.003024931
0.040032144,1.002354487,0.002674344
0.04012848,1.003340416,0.003031057
0.040172055,0.995678535,0.00228883
0.040198408,1.001858854,0.002304684
0.040268052,1.000434312,0.002769933
0.040293945,1.00128023,0.002418511
0.0403986,0.999847964,0.002630126
0.040480084,1.000877081,0.002577666
0.040526562,0.996109655,0.002690356
0.04055377,1.001928272,0.002647858
0.040667563,0.99629091,0.002340092
0.040742186,0.999495104,0.00259934
0.040781056,1.004457039,0.003086572
0.040870288,0.998487901,0.002725978
0.041008661,1.000002281,0.002621103
0.041076439,1.002842132,0.002311198
0.041233701,1.0005838,0.002670074
0.041336953,1.000366286,0.002288831
0.041383098,0.996368555,0.003020857
0.041421009,0.997375733,0.002670781
0.041517398,0.9999968,0.003027486
0.04156094,1.00347212,0.002297515
0.041587318,0.997357546,0.002304813
0.041656927,0.998423366,0.002772471
0.0416828,1.00311119,0.002416896
0.041787454,1.004515473,0.002633635
0.04186899,0.996795667,0.00257894
0.041915448,0.996503701,0.002709473
0.041942616,0.999422252,0.002646109
0.042056429,0.991472082,0.002336868
0.042131071,1.005264275,0.002604736
0.042169962,1.000167079,0.003082581
0.042259143,1.002040882,0.002729788
0.042397536,1.004000847,0.002633059
0.042465315,0.997527754,0.002308765
0.042622566,0.995443211,0.002665398
0.04272584,0.998116581,0.002287913
0.042771994,0.999728708,0.0030271
0.042809873,0.997162087,0.00266377
0.042906316,0.995705688,0.003029541
0.042949824,0.996425329,0.002290992
0.042976227,0.997941537,0.002304426
0.043045802,1.001111109,0.002769347
0.043071655,1.002742653,0.0024182
0.043176308,0.995220107,0.00262634
0.043257896,0.995929178,0.002572031
0.043304333,1.000846758,0.002696207
0.043331462,1.005676134,0.002660224
0.043445294,0.996833198,0.002335674
0.043519956,0.997444891,0.002603408
0.043558868,0.995098999,0.003078464
0.043647999,0.996179358,0.002725252
0.043786411,1.000014689,0.002627927
0.04385419,0.998667222,0.002309315
0.04401143,0.997671946,0.002672257
0.044114728,1.002869175,0.002290597
0.044160891,1.006709055,0.003032041
0.044198738,0.999836514,0.002671125
0.044295233,0.99721347,0.00302889
0.044338708,1.000426304,0.002292158
0.044365136,1.004657277,0.002307578
0.044434677,1.001876108,0.002768949
0.04446051,1.000618515,0.002415869
0.044565163,1.00438181,0.002633076
0.044646802,0.996416903,0.002574152
0.044693219,0.998279271,0.002691837
0.044720307,1.001567146,0.002648652
0.04483416,1.004890106,0.002343546
0.044908841,1.000285174,0.002604801
0.044947774,1.000794612,0.003089306
0.045036854,1.002245988,0.002729057
0.045175286,0.9991916,0.002626568
0.045243066,0.999830238,0.002308668
0.045400295,1.002974383,0.002674105
0.045503616,0.995713282,0.002285033
0.045549787,1.003818976,0.003023098
0.045587603,0.994060281,0.002668281
0.045684151,1.000574441,0.003040376
0.045727593,0.996987375,0.00229113
0.045754045,0.997053493,0.002303137
0.045823551,0.9955071,0.002765297
0.045849365,0.996632319,0.002417335
0.045954017,1.005546426,0.002637076
0.046035708,1.004484232,0.002584506
0.046082104,0.994285208,0.002698906
0.046109153,0.997440851,0.002644353
0.046223025,0.99851487,0.0023365
0.046297727,1.00454283,0.002607123
0.04633668,0.997042415,0.003081455
0.046425709,1.000558456,0.002724363
0.04656416,1.003699282,0.002633171
0.046631942,0.99830905,0.002309003
0.04678916,1.004335994,0.002675141
0.046892503,0.998219603,0.00228831
0.046938684,1.00277089,0.00303157
0.046976468,0.999728131,0.002673555
0.047073069,1.003297328,0.003030042
0.047116477,0.999045557,0.002290868
0.047142955,0.992098733,0.002302439
0.047212426,0.996993932,0.002768695
0.04723822,0.999820845,0.002416748
0.047342871,0.998135168,0.002624176
0.047424613,0.997327949,0.002573727
0.04747099,0.997155028,0.002692943
0.047497999,1.001569752,0.002644755
0.04761189,0.99910126,0.002339979
0.047686612,1.000868457,0.002605394
0.047725586,1.00459165,0.003090952
0.047814565,0.999949905,0.002728166
0.047953035,1.003057916,0.002624063
0.048020817,1.004359885,0.002312977
0.048178025,0.996693173,0.002668271
0.048281391,0.997389052,0.002286914
0.04832758,1.006184548,0.003023798
0.048365332,1.001851237,0.002667979
0.048461986,1.00414199,0.003034502
0.048505361,0.994034759,0.002287188
0.048531864,0.999357173,0.002304641
0.048601301,1.00312496,0.00276975
0.048627075,0.993284207,0.002413425
0.048731725,0.99713838,0.002624995
0.048813519,1.003067024,0.002579925
0.048859875,1.000787822,0.002697555
0.048886845,1.002181,0.002644693
0.049000756,0.997841585,0.002339266
0.049075497,1.005100761,0.002601424
0.049114492,1.000757809,0.003080456
0.04920342,1.001354969,0.002729983
0.04934191,1.002531317,0.002625645
0.049409693,0.992354983,0.002303848
0.04956689,0.998192557,0.002669957
0.049670279,1.004506446,0.002289924
0.049716477,1.003496619,0.003023231
0.049754197,1.002779642,0.002678268
0.049850904,1.003732326,0.003037881
0.049894246,0.997684786,0.00228985
0.049920773,1.001757093,0.00230621
0.049990176,1.002168363,0.002769224
0.05001593,1.003869015,0.002422409
0.05012058,1.004529619,0.002626948
0.050202425,0.994087027,0.002575447
0.050248761,0.998397907,0.00269061
0.05027569,1.004579421,0.002647245
0.050389621,0.997820203,0.002339716
0.050464382,0.99670001,0.002601348
0.050503398,1.000395061,0.00308012
0.050592276,0.999057408,0.002724742
0.050730785,1.002313291,0.002631249
0.050798569,0.99753494,0.002306808
0.050955755,0.997478091,0.002670718
0.051059166,0.99733164,0.002285799
0.051105374,1.003693037,0.003018981
0.051143062,1.000525564,0.002667183
0.051239822,0.998256362,0.003028725
0.05128313,0.997832495,0.002288412
0.051309682,1.000856849,0.002305499
0.051379051,1.002144221,0.002773141
0.051404786,1.003443873,0.002419212
0.051509434,1.001734277,0.00262794
0.051591331,0.999977514,0.002582442
0.051637646,0.996974862,0.002698596
0.051664536,1.005578743,0.002647587
0.051778487,1.000125007,0.002339125
0.051853268,1.006592563,0.002614144
0.051892304,1.002755248,0.003090415
0.051981131,1.002577798,0.002730069
0.05211966,1.004824238,0.002631257
0.052187444,0.998129603,0.002311128
0.05234462,0.995833617,0.002667902
0.052448054,0.997389234,0.002287226
0.05249427,1.000913271,0.003025997
0.052531926,1.005230129,0.002670259
0.05262874,1.001285267,0.0030373
0.052672014,0.999544438,0.002289688
0.052698591,1.004580285,0.002307463
0.052767925,1.001039784,0.002770285
0.052793641,0.998330272,0.002415248
0.052898288,0.997554252,0.00262483
0.052980237,0.998387249,0.002574379
0.053026532,0.995835844,0.002699987
0.053053382,0.99930009,0.002646806
0.053167352,0.999342333,0.002339644
0.053242153,1.000713361,0.002597554
0.05328121,1.000284111,0.003085561
0.053369986,0.997300661,0.002733198
0.053508534,1.001231706,0.002631556
0.05357632,0.995311062,0.002306823
0.053733484,0.996929952,0.002674642
0.053836942,0.999599167,0.002287833
0.053883167,0.995127421,0.00301853
0.053920791,0.995184054,0.002665757
0.054017657,0.998473098,0.003031463
0.054060899,0.995395184,0.00228662
0.054087501,1.002412114,0.002308342
0.0541568,0.995714081,0.002767159
0.054182496,1.00003449,0.002418086
0.054287142,1.00310791,0.002633224
0.054369143,1.004781589,0.002582965
0.054415417,0.999500621,0.002695109
0.054442228,1.003946696,0.002650192
0.054556218,0.999747196,0.002342434
0.054631038,0.999056022,0.002604261
0.054670116,1.001974197,0.003078689
0.054758841,1.004163408,0.002726604
0.054897409,0.998382213,0.002625025
0.054965196,1.001034864,0.002308812
0.055122349,0.998101034,0.002670105
0.055225829,1.004094664,0.002290204
0.055272063,1.000771258,0.003019541
0.055309656,1.003212287,0.002670532
0.055406575,1.003911347,0.00303033
0.055449783,0.999200508,0.002290252
0.05547641,1.000912226,0.002305956
0.055545675,1.003250485,0.002773154
0.055571351,1.002550896,0.002419944
0.055675997,0.999711727,0.002632478
0.055758049,0.996475632,0.002576266
0.055804303,1.002350312,0.002696411
0.055831073,1.000805018,0.002645346
0.055945083,1.001082985,0.002336807
0.056019923,0.998387103,0.002601497
0.056059022,1.004146398,0.003079164
0.056147697,0.996911521,0.002723714
0.056286284,1.001558644,0.002627089
0.056354072,0.995300732,0.002308992
0.056511214,1.003720506,0.002677534
0.056614717,0.999083892,0.002286538
0.05666096,1.000369634,0.003022088
0.05669852,0.99780045,0.002672913
0.056795493,1.003531477,0.003046107
0.056838667,1.000077379,0.002288456
0.056865319,1.000413443,0.002305943
0.056934549,1.003240024,0.002767543
0.056960206,0.99974331,0.002416535
0.057064851,0.996318124,0.002626823
0.057146955,1.000084895,0.002581486
0.057193188,0.999907461,0.002694493
0.057219919,0.997658073,0.002646518
0.057333949,0.999930244,0.002338591
0.057408808,1.00203868,0.002602613
0.057447928,1.000546475,0.003077406
0.057536552,1.002800859,0.002728381
0.057675159,1.005513302,0.002627967
0.057742947,1.004030151,0.002315245
0.057900079,0.997894444,0.002674172
0.058003605,0.99964898,0.002287805
0.058049856,0.999256452,0.003022108
0.058087385,0.996016444,0.002663704
0.058184411,1.00016164,0.003037747
0.058227552,0.998476341,0.002288863
0.058254228,0.993779628,0.002302057
0.058323424,0.996490167,0.002767081
0.058349061,0.99761199,0.002420019
0.058453705,1.000111771,0.002623908
0.058535861,0.999070258,0.002578131
0.058582074,0.994802679,0.00268894
0.058608765,1.001247889,0.002642481
0.058722814,0.996782967,0.002334837
0.058797694,1.006141751,0.002609887
0.058836834,1.000039665,0.003085948
0.058925408,1.001328945,0.002727853
0.059064033,1.003003083,0.002629032
0.059131823,0.998923356,0.002309867
0.059288944,1.003122973,0.002685616
0.059392492,0.995310862,0.002286592
0.059438753,1.002476547,0.003029353
0.05947625,1.005044274,0.002670803
0.059573328,1.000898698,0.003036004
0.059616436,1.001389644,0.002288328
0.059643138,1.006872949,0.002310504
0.059712299,0.996313982,0.002771999
0.059737916,1.002659939,0.002420508
0.059842559,0.997243592,0.002628869
0.059924767,0.998171455,0.002574763
0.059970959,1.004749769,0.002698123
0.059997611,1.003635479,0.002645483
0.06011168,0.994874335,0.002335624
0.060186579,1.001628559,0.002607292
0.060225741,0.999728527,0.003080289
0.060314263,1.002827868,0.002727431
0.060452908,1.001808374,0.002624915
0.060520699,1.000210794,0.002310698
0.060677809,1.002222769,0.002673445
0.06078138,0.999083399,0.002288323
0.060827649,1.001726655,0.003022884
0.060865114,1.000988605,0.002672258
0.060962246,1.001632774,0.003035909
0.06100532,1.000616464,0.002289152
0.061032047,1.003591677,0.00230789
0.061101174,0.997803954,0.002763056
0.061126772,1.005392781,0.002420144
0.061231414,0.997952474,0.002621814
0.061313673,0.998580741,0.002575847
0.061359845,1.000584152,0.002693884
0.061386457,1.002713039,0.002642949
0.061500545,0.99998228,0.002339083
0.061575464,0.998561235,0.002604092
0.061614647,0.99840005,0.003074611
0.061703119,1.002591974,0.002728663
0.061841783,1.001463299,0.002632753
0.061909574,0.997841065,0.00230883
0.062066674,0.997586656,0.00267518
0.062170268,0.997394239,0.002288048
0.062216546,0.999642412,0.003025073
0.062253979,0.999155802,0.002670131
0.062351164,1.005138748,0.00303215
0.062394205,0.999627463,0.002288749
0.062420956,1.001592624,0.002307769
0.062490049,1.003343804,0.00277639
0.062515627,1.008166684,0.002420923
0.062620268,1.000206488,0.002632581
0.062702579,0.999920987,0.002578184
0.06274873,0.998725312,0.002698354
0.062775303,1.003185691,0.002649639
0.062889411,1.002022888,0.002339784
0.062964349,0.998244407,0.002604365
0.063003553,1.000864392,0.00309071
0.063091974,1.000873627,0.002725656
0.063230658,1.003337188,0.00262905
0.06329845,0.99854284,0.002313362
0.063455539,1.000300375,0.002675439
0.063559155,1.000197681,0.002288041
0.063605442,1.002642307,0.003022511
0.063642844,0.997448246,0.002667509
0.063740082,0.999128232,0.003045457
0.063783089,0.995007971,0.00228374
0.063809865,1.010115848,0.002312489
0.063878923,0.996237343,0.002769658
0.063904482,1.001265727,0.002416348
0.064009122,1.001232703,0.002631265
0.064091485,1.00034698,0.0025786
0.064137616,1.002093939,0.002696933
0.064164148,1.000417348,0.002646879
0.064278276,0.995815905,0.002336466
0.064353235,0.999978964,0.002601577
0.064392459,0.998224436,0.00308249
0.064480829,0.994883271,0.002725057
0.064619533,1.005473396,0.002635506
0.064687326,1.000387194,0.002312023
0.064844404,1.001809951,0.002670627
0.064948043,1.006952477,0.002291323
0.064994339,0.996701371,0.00301942
0.065031708,0.996647485,0.002663727
0.065128999,1.000089167,0.003037341
0.065171973,0.997963976,0.002289196
0.065198775,0.999322439,0.002305455
0.065267798,0.9947571,0.002766672
0.065293337,1.000578204,0.002419581
0.065397976,1.001370354,0.002630445
0.06548039,1.003349377,0.002582852
0.065526501,0.992995763,0.002694108
0.065552994,1.0053957,0.002646175
0.065667142,0.997020617,0.002339941
0.06574212,0.999318087,0.002601599
0.065781365,1.000379841,0.003077576
0.065869684,1.005618149,0.002728756
0.066008407,1.000253531,0.002631481
0.066076201,0.996580325,0.002309763
0.066233269,0.998534436,0.002671202
0.06633693,1.002181464,0.002288415
0.066383236,1.001060802,0.003034293
0.066420573,0.998632085,0.00266603
0.066517917,1.002181177,0.003032127
0.066560858,0.993925628,0.002283689
0.066587684,0.999500395,0.002306071
0.066656673,0.999345695,0.002766094
0.066682192,0.998697732,0.002418435
0.066786831,1.00004873,0.002634289
0.066869296,0.997635941,0.002575108
0.066915387,1.002570448,0.002693672
0.06694184,0.998752914,0.002640918
0.067056007,0.998348388,0.002336668
0.067131005,0.995985463,0.002600969
0.067170271,0.999482354,0.003078764
0.06725854,0.995855447,0.00272749
0.067397282,1.000210863,0.00262761
0.067465077,0.99408845,0.002309628
0.067622134,0.996312014,0.002673574
0.067725818,1.00217681,0.002289078
0.067772132,0.997661467,0.003019202
0.067809438,1.001352857,0.002665625
0.067906835,0.996950963,0.003035799
0.067949742,1.002272214,0.002291065
0.067976593,1.003801245,0.00231004
0.068045548,0.997630596,0.002778482
0.068071047,1.000411053,0.00241745
0.068175685,1.003191558,0.002636066
0.068258202,0.998699753,0.002577413
0.068304272,1.00377636,0.002697052
0.068330686,1.001232812,0.002644152
0.068444873,0.99763641,0.002335555
0.06851989,0.997673227,0.002608858
0.068559177,0.9997551,0.003082172
0.068647395,0.993709428,0.002727604
0.068786157,1.000315792,0.00262453
0.068853953,1.001492733,0.002315022
0.069010998,1.005621993,0.002674919
0.069114706,1.000432473,0.002288618
0.069161029,0.999181169,0.003024015
0.069198302,0.99804617,0.002667143
0.069295752,0.999434014,0.003039133
0.069338626,1.000456603,0.002286073
0.069365502,0.995621719,0.002304737
0.069434422,1.003079411,0.002769471
0.069459902,1.000973947,0.002419497
0.069564539,0.996110171,0.002623221
0.069647108,1.001927143,0.002584667
0.069693158,1.001264966,0.002699279
0.069719531,0.999208096,0.00263977
0.069833738,0.992010337,0.002333368
0.069908776,0.999003207,0.002604748
0.069948083,1.003056901,0.003078947
0.070036251,0.997170803,0.00272401
0.070175032,1.000466923,0.002631237
0.070242829,0.999409749,0.002309774
0.070399863,1.004073485,0.002676643
0.070503593,1.005272899,0.002290748
0.070549925,0.998139039,0.003021054
0.070587167,0.991711782,0.002663854
0.07068467,0.995437315,0.003031725
0.070727511,0.998861045,0.002285978
0.070754411,0.998051552,0.002306452
0.070823297,0.999983259,0.002771482
0.070848758,1.001100969,0.002414983
0.070953393,0.997125468,0.002628748
0.071036014,0.996950639,0.002579974
0.071082043,1.001938798,0.002696467
0.071108377,0.997393544,0.00264444
0.071222604,1.00805629,0.002341695
0.071297661,1.003580799,0.002606738
0.071336989,0.99369737,0.003078419
0.071425106,1.001961896,0.002728589
0.071563906,1.008496615,0.002635499
0.071631704,1.000122674,0.00231357
0.071788728,0.998880934,0.002671706
0.071892481,1.000013503,0.002287806
0.071938822,1.002425014,0.003021735
0.071976032,0.994791874,0.002674394
0.072073588,0.998080848,0.003039692
0.072116395,0.997904304,0.00228587
0.07214332,1.005507795,0.002309852
0.072212172,0.998626717,0.002766219
0.072237613,1.006519871,0.002420653
0.072342248,1.000235207,0.002628753
0.07242492,0.998481695,0.002579567
0.072470929,1.001781208,0.002699354
0.072497223,0.999887998,0.002638661
0.072611469,0.994376868,0.002332905
0.072686546,0.99960964,0.002604498
0.072725895,1.001628254,0.003077915
0.072813962,0.998076778,0.002725495
0.072952781,1.00305043,0.002626267
0.07302058,0.995262648,0.002309576
0.073177593,0.997978914,0.002675096
0.073281368,1.001134038,0.002287741
0.073327718,0.998383826,0.003025192
0.073364896,0.99912135,0.002670795
0.073462505,0.997882467,0.00303044
0.073505279,0.995466688,0.002283401
0.07353223,0.994257901,0.00230572
0.073601047,1.001532677,0.00276908
0.073626468,1.003191727,0.002416782
0.073731102,1.003206251,0.002623676
0.073813826,1.000422471,0.00257739
0.073859814,1.001880243,0.002694259
0.073886069,1.003204149,0.002643617
0.074000335,1.00274354,0.002339467
0.074075431,0.99988431,0.002606347
0.074114801,1.002169398,0.003084713
0.074202817,0.999832472,0.002720177
0.074341656,1.000918803,0.002628085
0.074409456,0.997284045,0.002311412
0.074566458,0.99968287,0.00267178
0.074670256,1.002004838,0.002288479
0.074716615,1.0039614,0.003018576
0.074753761,0.994325968,0.002667088
0.074851423,0.997400161,0.003030856
0.074894164,0.998213381,0.002283779
0.074921139,1.001195785,0.002307484
0.074989922,1.001678452,0.00277247
0.075015323,0.999684766,0.002418009
0.075119956,0.997713084,0.0026315
0.075202732,0.998543922,0.002577576
0.075248699,1.001471263,0.002693841
0.075274915,1.00636555,0.002646126
0.0753892,1.001235825,0.002336805
0.075464317,1.004117939,0.002605735
0.075503707,0.999665855,0.003077552
0.075591672,1.000995241,0.002730338
0.07573053,1.000514596,0.002633878
0.075798332,0.998346757,0.002312672
0.075955323,0.998243517,0.002676018
0.076059144,0.997584525,0.002286515
0.076105511,1.000598104,0.003019418
0.076142626,1.002456902,0.00266989
0.076240341,0.998667882,0.003026636
0.076283048,1.000810628,0.002287444
0.076310048,1.004986082,0.002309409
0.076378796,0.997542092,0.002767674
0.076404178,0.999232208,0.002417107
0.076591638,1.005050722,0.002581755
0.076637585,0.999372008,0.002694784
0.076663761,1.001715604,0.002649633
0.076778066,0.998122227,0.002337153
0.076853202,1.003186246,0.002605772
0.076892613,1.000182925,0.003074564
0.076980528,1.000451359,0.002722596
0.077119405,1.002159027,0.002626624
0.077187207,1.000365541,0.002311856
0.077344188,1.001462891,0.002671162
0.077448031,1.003970065,0.002291327
0.077494408,0.998096429,0.003022709
0.07753149,1.001940438,0.002674232
0.077629259,1.002027668,0.003031647
0.077671932,1.002981416,0.002287656
0.077698957,0.998944806,0.002306144
0.077767671,1.00087077,0.002772517
0.077793033,1.002413092,0.002417603
0.077897665,1.002232938,0.002632012
0.077980544,0.998778835,0.0025846
0.07802647,1.000640707,0.002692255
0.078052607,0.99718717,0.00263783
0.078166931,1.001178867,0.002339329
0.078242087,0.998690011,0.002605785
0.078281519,1.006213843,0.003082092
0.078369383,0.998605345,0.002725345
0.07850828,1.004382048,0.002637895
0.078576083,0.996541354,0.002313832
0.078733053,0.998493681,0.002672794
0.078836919,1.004428382,0.002291429
0.078883304,0.996673462,0.003020043
0.078920355,0.996765406,0.002667015
0.079018176,1.002984597,0.003034764
0.079060817,1.002398218,0.002285056
0.079087866,0.997826305,0.002304593
0.079156546,0.999977245,0.002771952
0.079181888,1.002069435,0.002419232
0.079286519,0.997244821,0.00262486
0.07936945,0.997918401,0.002579043
0.079415356,0.998588758,0.0026954
0.079441452,1.002846038,0.002643955
0.079555797,0.998565802,0.002337664
0.079630972,0.996192847,0.002603329
0.079670425,1.000834174,0.003074251
0.079758238,1.003282655,0.002726594
0.079897155,0.999596943,0.002625335
0.079964959,1.008125722,0.002319307
0.080121918,0.998957039,0.002672624
0.080225806,0.997175876,0.002287547
0.080272201,1.005667597,0.003036721
0.08030922,0.997231973,0.002668719
0.080407094,0.994064311,0.003028672
0.080449701,0.998199659,0.002282029
0.080476776,1.004083247,0.002308985
0.080545421,1.003041678,0.002771307
0.080570744,1.004414793,0.00241668
0.080675373,1.004366045,0.002636777
0.080758356,0.997169351,0.002574726
0.080804241,1.000312248,0.002699231
0.080830298,1.000055111,0.002643982
0.080944662,1.003247974,0.002338103
0.081019858,0.999297048,0.002603025
0.081059331,0.992490736,0.003075092
0.081147094,0.997271725,0.002729237
0.081286029,0.994457463,0.002622412
0.081353834,0.996320423,0.002314389
0.081510783,1.00455234,0.002673916
0.081614694,0.998434319,0.002287213
0.081661097,0.99572664,0.003019857
0.081698084,1.000429755,0.002671987
0.081796012,1.002064942,0.003031305
0.081838585,1.001158855,0.002285107
0.081865685,0.994734845,0.002303677
0.081934295,1.0034116,0.002774054
0.081959599,0.996554484,0.002413512
0.082064227,0.996890163,0.002621427
0.082147262,1.000554572,0.002578224
0.082193127,1.003012382,0.002697282
0.082219144,0.997726226,0.002641317
0.082333528,1.004264567,0.002339334
0.082408743,0.997564644,0.002611864
0.082448237,0.999145332,0.003078061
0.082535949,0.999766343,0.00272055
0.082674904,0.998332166,0.002626787
0.08274271,1.00180914,0.002317845
0.082899648,1.000644562,0.0026819
0.083003582,0.99489467,0.00228567
0.083049994,0.995568512,0.003026386
0.083086949,1.004474004,0.002671707
0.083184929,0.998883031,0.003032961
0.08322747,0.99927881,0.002283903
0.083254594,1.008117421,0.002310515
0.08332317,1.002014009,0.00277266
0.083348454,0.997349778,0.002412992
0.083453081,0.997791974,0.002619345
0.083536168,0.999157118,0.002581871
0.083582012,0.999253966,0.002697025
0.08360799,0.997659538,0.002638021
0.083722393,1.00097194,0.002339916
0.083797628,0.995228135,0.002602659
0.083837143,0.999793868,0.003083044
0.083924805,0.997609744,0.00272287
0.084063779,1.002818323,0.002622143
0.084131586,1.00449819,0.002316583
0.084288513,1.001872641,0.002676561
0.084392469,1.001457466,0.00228836
0.08443889,1.00230154,0.003021429
0.084475814,1.001075888,0.002671155
0.084573847,1.000420032,0.003028365
0.084616354,0.999762395,0.002286601
0.084643503,0.997153572,0.002304806
0.084712045,1.007632037,0.002774773
0.084737309,1.006418663,0.002422797
0.084841936,1.002553774,0.002630822
0.084925074,0.997365522,0.002576933
0.084970898,0.997625611,0.002694834
0.084996836,0.994329287,0.00264099
0.085111259,0.998162534,0.002336309
0.085226049,1.001350711,0.003085878
0.08531366,1.00080646,0.002732029
0.085452654,1.001629889,0.00263555
0.085520462,1.000311978,0.002315038
0.085677378,1.000213574,0.002672532
0.085781357,0.996453638,0.002286193
0.085827787,1.001525128,0.003028597
0.085864678,0.99950118,0.002675783
0.085962765,1.002360083,0.003031526
0.086005238,0.998301125,0.002284032
0.086032412,0.999917538,0.002306351
0.08610092,1.003107814,0.00277565
0.086126164,0.998715114,0.002415858
0.08623079,0.989009594,0.002621844
0.08631398,0.994274951,0.002575949
0.086359783,1.001445386,0.002693536
0.086385682,0.997024141,0.002644694
0.086500124,0.997371483,0.002338168
0.086575399,0.998541604,0.002611636
0.086614955,0.998828279,0.003078677
0.086702516,0.999316811,0.00272607
0.086841528,0.998363841,0.002622861
0.086909337,0.996881405,0.002310958
0.087066243,0.994902642,0.002673156
0.087170244,1.005505903,0.002293092
0.087216683,1.002877375,0.003019839
0.087253543,0.998734113,0.002671441
0.087351683,1.001763477,0.003038611
0.087394123,0.99861796,0.00228374
0.087421321,0.998142109,0.002305941
0.087489795,0.999028315,0.002772481
0.08751502,0.996309243,0.002415872
0.087619644,0.999481443,0.002630503
0.087702886,1.001352483,0.00258701
0.087748669,0.998213041,0.002696627
0.087774527,1.003469912,0.002640748
0.08788899,0.999393709,0.002335616
0.087964284,1.00042686,0.002605132
0.088003861,0.997612365,0.003075741
0.088091371,1.00057816,0.002722554
0.088230403,1.000166605,0.002627782
0.088298213,1.001605063,0.002319713
0.088455107,1.000325117,0.002669068
0.088559132,0.997309607,0.002286535
0.08860558,1.001999447,0.003024811
0.088642408,0.995879944,0.002662596
0.0887406,0.999279654,0.003032209
0.088783007,0.998137483,0.002281267
0.088810231,1.002574349,0.002307126
0.088878669,0.998428633,0.002774021
0.088903875,0.999072491,0.002415834
0.089008498,0.998042604,0.002629369
0.089091792,0.997066537,0.002581486
0.089137554,0.998736969,0.002690855
0.089163373,0.998524391,0.002635894
0.089277855,1.002355064,0.00233856
0.089353169,0.999437378,0.002602227
0.089392768,0.99653297,0.003072859
0.089480226,1.001633377,0.002729405
0.089619278,0.999627743,0.00262555
0.089687089,1.00062529,0.002318374
0.089843973,1.003644281,0.002672598
0.089948019,1.002459033,0.002291949
0.089994476,1.004618232,0.003024524
0.090031272,0.997342741,0.002666056
0.090129518,0.999784787,0.003027483
0.090171891,0.99826723,0.002282487
0.09019914,1.002337701,0.002307557
0.090267544,0.99595008,0.002770691
0.09029273,0.99760236,0.002416784
0.090397352,1.000291518,0.002631453
0.090480698,0.999799809,0.002582461
0.090526439,0.99838519,0.002697291
0.090552219,0.999775881,0.002646087
0.090666721,0.999773076,0.00233665
0.090742055,1.00123071,0.002610813
0.090781674,0.998611059,0.003075472
0.090869082,1.00134989,0.002727803
0.091008152,0.993467049,0.002619472
0.091075965,0.997403895,0.002315563
0.091232838,1.004460672,0.002675239
0.091336907,0.999778343,0.00228812
0.091383373,0.996709666,0.003026663
0.091420137,1.000155671,0.002671534
0.091560776,1.006180879,0.002284953
0.091588049,0.999881122,0.002306765
0.091656419,0.997197864,0.002769821
0.091681585,0.999691587,0.002415852
0.091786207,0.998965108,0.002631947
0.091869603,0.997658132,0.002586619
0.091915325,1.001920416,0.002698621
0.091941065,1.000049343,0.002644632
0.092055586,1.000266347,0.002338829
0.09213094,0.998132873,0.002602138
0.09217058,1.000497748,0.003082985
0.092257937,1.000440224,0.002720608
0.092397027,1.002206298,0.002632038
0.09246484,1.001168025,0.002321271
0.092621703,1.001256099,0.002674895
0.092725795,0.998755812,0.002289101
0.092772269,0.998068145,0.00302668
0.092809001,1.000485757,0.002675743
0.092907353,1.000280521,0.00303711
0.09294966,0.99662628,0.002280962
0.092976958,0.997740049,0.002305011
0.093045294,0.997608467,0.002772211
0.093070441,1.003459006,0.00241852
0.093258509,1.004188826,0.00258153
0.09330421,1.001840247,0.002698104
0.093329911,1.001861104,0.002644269
0.093444452,0.999346539,0.002335936
0.093519825,0.997412458,0.002606676
0.093559486,1.008302054,0.00307591
0.093646793,1.002083328,0.002724103
0.093785902,0.998836926,0.002625037
0.093853716,1.002735534,0.002319052
0.094010567,0.992881002,0.002674105
0.094114682,0.996355795,0.002285844
0.094161166,1.001965333,0.003020963
0.094197866,0.997008209,0.00266473
0.094296271,1.000608362,0.003025946
0.094338544,0.997710953,0.002281412
0.094365867,0.995730261,0.00230232
0.094434169,1.006083488,0.002777425
0.094459296,0.995790208,0.002414257
0.094563915,0.999100111,0.002634985
0.094647415,0.996721786,0.002583143
0.094693096,1.003671934,0.002694811
0.094718757,1.002370519,0.002638869
0.094833317,1.001388801,0.002335835
0.094948392,0.994757272,0.003072457
0.095035648,0.999517169,0.002723445
0.095174777,1.003204926,0.002632706
0.095242592,1.004048045,0.00232016
0.09550357,1.003143636,0.002291467
0.095550062,0.997066889,0.003013697
0.095586731,1.002891342,0.002669957
0.095685189,0.997744258,0.003029301
0.095727429,0.999256307,0.002282532
0.095754776,0.999169762,0.002303598
0.095823043,0.998399179,0.002777846
0.095848151,1.003755832,0.002417036
0.095952769,1.004063408,0.002628965
0.096036321,1.001776285,0.002576871
0.096081981,0.997630859,0.002692419
0.096107603,1.00308284,0.002642637
0.096222183,0.998241429,0.002336333
0.096297596,1.004192215,0.002606834
0.096337298,0.997932942,0.00306996
0.096424503,0.996220167,0.00271885
0.096563651,0.999539846,0.002623928
0.096631468,0.993625904,0.002315944
0.096788297,0.99510602,0.002673643
0.096892457,0.998843707,0.002288472
0.096938959,1.003698333,0.003023752
0.096975595,1.004668639,0.002667653
0.097074106,0.997609971,0.003033038
0.097116313,1.00279729,0.002284506
0.097143686,1.004940484,0.002307656
0.097211918,0.998984032,0.002773941
0.097237006,1.00097847,0.002416765
0.097341623,1.001005421,0.002629364
0.097425227,0.999358556,0.002581393
0.097470867,0.997873496,0.002697391
0.097496448,1.000101654,0.002643271
0.097611048,1.002545911,0.002339586
0.097686481,1.001754811,0.002603806
0.097726204,1.002203685,0.003086786
0.097813359,0.996556942,0.00272214
0.097952526,1.000274872,0.002623575
0.098020343,0.999398364,0.002319814
0.098177162,0.997113246,0.002669566
0.098281345,1.00379916,0.002291882
0.098327855,1.001585303,0.003017108
0.09836446,0.99703307,0.002667291
0.098463024,0.995430268,0.00303522
0.098505197,0.999857122,0.002279483
0.098532595,0.994499457,0.002303045
0.098600793,0.996404331,0.002770947
0.098625861,0.994220008,0.002411011
0.098730478,1.000152878,0.002629955
0.098814133,1.000521758,0.00258522
0.098859752,1.000878627,0.002699426
0.098885294,0.998765692,0.002639566
0.098999914,0.996682747,0.002337285
0.099075366,1.003040427,0.002604309
0.09911511,1.004909065,0.003076032
0.099202214,0.99755235,0.002720642
0.099341401,1.001758368,0.002622253
0.099409219,0.998161413,0.002320165
0.099566027,1.005179352,0.002684967
0.099670233,0.996911319,0.002286609
0.099716752,0.999757004,0.003034797
0.099753325,0.999918402,0.002667412
0.099851942,1.001119674,0.003024702
0.099894082,1.000753393,0.002278693
0.099921504,1.002483713,0.002306544
0.099989668,0.995788293,0.002770932
